Deer ID,Sex,Region,Pelage Shade,Coat Color,Age (yrs),Weight (kg),Antler Points,Collared,Observation Time
1,M,Northeast,Medium,Grayish,5.3,93.4,8,False,2024-11-22T23:55:13.000
2,F,Midwest,Medium,Grayish,5.3,76.7,0,False,2024-10-30T20:14:45.000
3,M,Midwest,Medium,Reddish,5.5,110.8,5,True,2025-06-16T09:49:56.000
4,F,South,Medium,Brown,4.5,66.1,0,False,2025-06-04T23:06:45.000
5,F,Midwest,Medium,Brown,2.3,51.5,0,False,2025-05-04T03:50:13.000
6,F,Midwest,Medium,Brown,6.7,96.9,0,False,2025-05-13T04:47:55.000
7,F,Northeast,Dark,Brown,3.2,65.0,0,True,2024-09-23T23:48:08.000
8,M,Midwest,Light,Grayish,1.8,54.6,7,True,2025-02-22T02:14:38.000
9,M,West,Medium,Reddish,5.2,101.1,5,False,2025-03-20T22:27:51.000
10,F,Midwest,Medium,Brown,4.7,78.6,0,False,2024-12-30T21:55:01.000
11,F,South,Dark,Grayish,3.4,58.8,0,True,2024-11-27T00:06:21.000
12,F,Northeast,Medium,Brown,3.6,74.4,0,True,2024-12-26T22:15:34.000
13,M,West,Light,Grayish,4.6,87.4,10,False,2025-07-28T08:27:20.000
14,M,Midwest,Dark,Brown,7.3,118.9,6,True,2025-02-01T07:36:41.000
15,M,Northeast,Dark,Brown,3.3,71.3,11,False,2025-06-25T02:12:35.000
16,F,South,Medium,Brown,1.0,30.2,0,True,2025-05-24T22:59:09.000
17,M,West,Medium,Brown,2.3,62.3,10,False,2025-04-25T17:53:55.000
18,M,Northeast,Medium,Brown,4.5,96.6,5,True,2025-02-19T23:08:24.000
19,F,Northeast,Medium,Reddish,3.1,68.7,0,False,2024-10-15T10:08:30.000
20,M,Midwest,Light,Brown,2.1,59.6,8,False,2025-06-17T03:24:30.000
21,F,Midwest,Light,Grayish,4.9,85.2,0,False,2025-01-27T19:20:24.000
22,F,West,Dark,Brown,4.9,85.8,0,False,2025-06-19T12:39:37.000
23,M,West,Medium,Brown,3.0,64.7,6,False,2025-02-04T05:21:15.000
24,F,Midwest,Medium,Reddish,4.0,79.5,0,False,2025-06-22T14:10:36.000
25,F,Northeast,Medium,Grayish,2.2,50.5,0,False,2025-02-21T12:52:41.000
26,M,South,Light,Grayish,2.2,48.1,10,False,2025-04-30T17:28:14.000
27,F,South,Light,Brown,2.8,59.9,0,False,2025-01-24T07:00:29.000
28,F,Northeast,Light,Brown,0.8,26.7,0,True,2024-09-21T05:50:43.000
29,F,South,Medium,Grayish,4.1,73.6,0,False,2025-05-08T23:24:32.000
30,M,West,Medium,Brown,3.3,76.2,8,False,2024-09-21T08:14:12.000
31,M,Northeast,Dark,Grayish,2.4,59.5,11,False,2025-05-10T08:45:17.000
32,F,Midwest,Dark,Grayish,3.6,67.4,0,False,2025-04-09T19:29:11.000
33,M,South,Light,Reddish,3.7,85.0,7,False,2025-01-23T20:09:15.000
34,M,Northeast,Light,Brown,2.0,48.3,6,False,2025-02-02T03:27:30.000
35,M,Northeast,Medium,Brown,2.3,48.8,5,True,2025-01-19T08:55:35.000
36,F,Northeast,Medium,Brown,1.9,44.6,0,False,2025-06-16T23:47:20.000
37,F,South,Dark,Grayish,6.1,94.3,0,False,2024-12-26T01:34:29.000
38,M,Northeast,Medium,Brown,0.3,48.6,0,False,2025-04-02T23:43:39.000
39,F,Northeast,Medium,Grayish,3.2,66.9,0,False,2025-05-04T06:46:39.000
40,M,South,Medium,Grayish,5.0,95.7,7,False,2024-11-14T17:24:21.000
41,M,South,Medium,Brown,1.3,47.5,8,False,2025-04-07T11:32:11.000
42,M,South,Medium,Grayish,1.5,38.9,7,False,2025-01-31T00:15:11.000
43,F,Midwest,Light,Brown,1.4,31.4,0,False,2024-09-07T12:39:07.000
44,M,West,Dark,Grayish,0.3,34.1,0,False,2024-12-05T11:05:18.000
45,M,Northeast,Dark,Brown,5.7,102.0,7,True,2025-07-27T20:51:21.000
46,F,Midwest,Dark,Reddish,2.8,53.5,0,True,2024-09-23T07:34:54.000
47,M,Midwest,Dark,Brown,1.1,46.3,8,False,2025-06-30T16:20:19.000
48,F,Midwest,Medium,Brown,2.0,50.7,0,True,2024-12-10T08:29:14.000
49,M,Northeast,Dark,Brown,3.6,71.4,7,False,2025-01-31T10:13:28.000
50,F,Northeast,Medium,Brown,2.6,51.1,0,False,2025-05-13T22:34:50.000
51,M,West,Medium,Brown,1.5,44.6,6,False,2024-10-24T10:41:27.000
52,M,Midwest,Light,Reddish,4.2,90.1,5,False,2025-06-27T17:25:26.000
53,F,Midwest,Medium,Grayish,1.5,28.3,0,True,2024-11-08T07:55:24.000
54,F,West,Medium,Brown,2.4,54.8,0,False,2025-04-20T15:22:33.000
55,M,Midwest,Medium,Grayish,3.6,80.2,6,False,2024-10-01T18:13:08.000
56,M,Midwest,Dark,Reddish,1.8,41.8,6,True,2024-12-06T04:05:05.000
57,M,South,Medium,Grayish,3.4,70.3,9,True,2025-04-13T08:53:59.000
58,F,Northeast,Light,Brown,1.9,51.7,0,False,2025-04-27T14:09:23.000
59,F,Northeast,Light,Grayish,8.5,119.0,0,False,2024-10-22T18:40:22.000
60,F,South,Dark,Grayish,2.4,47.7,0,False,2025-04-19T05:17:40.000
61,F,Midwest,Dark,Grayish,4.5,76.1,0,False,2025-01-06T07:28:39.000
62,F,Northeast,Medium,Brown,1.5,48.3,0,False,2024-12-16T11:58:41.000
63,M,Midwest,Light,Brown,1.0,48.1,9,False,2024-12-31T11:30:55.000
64,M,South,Light,Brown,2.9,63.1,5,True,2024-11-24T12:42:07.000
65,F,South,Light,Brown,2.5,44.1,0,False,2025-03-10T07:30:00.000
66,M,Midwest,Dark,Grayish,2.5,53.3,8,False,2025-06-01T11:34:19.000
67,F,Northeast,Medium,Brown,3.1,61.6,0,True,2024-09-03T13:49:18.000
68,F,South,Medium,Grayish,4.9,68.1,0,False,2025-05-23T12:52:22.000
69,F,Northeast,Dark,Brown,6.9,101.7,0,False,2025-05-29T13:43:12.000
70,M,South,Light,Brown,7.1,121.1,5,False,2024-10-01T23:35:17.000
71,F,Northeast,Medium,Brown,3.3,54.7,0,False,2024-12-30T05:46:40.000
72,M,West,Medium,Reddish,6.8,112.0,9,False,2025-05-02T23:12:11.000
73,M,South,Medium,Reddish,6.5,109.7,4,True,2025-05-14T22:56:03.000
74,M,Midwest,Light,Brown,1.9,59.6,9,False,2025-02-22T21:57:38.000
75,F,Midwest,Medium,Brown,2.2,40.6,0,True,2024-10-19T19:17:58.000
76,F,South,Light,Brown,2.9,57.5,0,False,2025-01-13T05:10:14.000
77,M,South,Medium,Brown,7.0,116.0,7,True,2025-01-08T13:33:59.000
78,M,South,Medium,Reddish,2.8,66.5,7,False,2025-06-27T04:19:33.000
79,M,South,Light,Grayish,2.6,54.1,7,False,2024-11-25T21:37:40.000
80,M,Northeast,Dark,Brown,5.8,104.9,5,True,2025-07-26T10:08:45.000
81,M,Midwest,Medium,Brown,2.7,59.7,7,False,2025-07-26T03:15:19.000
82,M,South,Dark,Grayish,2.8,65.2,7,False,2025-03-01T04:36:35.000
83,M,Midwest,Dark,Reddish,4.3,78.8,8,False,2025-03-02T01:08:09.000
84,F,West,Medium,Reddish,3.4,74.7,0,True,2025-05-29T03:50:42.000
85,F,Midwest,Light,Brown,0.3,26.3,0,False,2025-05-04T07:12:54.000
86,F,Midwest,Dark,Grayish,0.6,42.4,0,False,2025-05-17T05:29:05.000
87,M,West,Medium,Reddish,4.5,82.6,8,False,2025-03-25T06:25:33.000
88,F,Midwest,Medium,Brown,0.3,24.3,0,True,2025-03-18T04:51:51.000
89,F,Midwest,Dark,Grayish,5.5,97.2,0,False,2024-12-27T17:34:09.000
90,F,South,Medium,Brown,2.9,54.9,0,True,2025-02-27T01:08:51.000
91,F,West,Medium,Brown,3.5,67.0,0,False,2025-03-20T16:33:19.000
92,F,Northeast,Medium,Brown,3.6,72.5,0,True,2025-03-20T14:09:40.000
93,M,West,Light,Brown,0.3,33.7,0,False,2024-09-30T06:53:09.000
94,F,South,Light,Brown,1.6,37.5,0,True,2024-11-01T04:29:14.000
95,M,Midwest,Light,Brown,1.0,42.9,9,False,2025-05-08T04:23:36.000
96,M,Midwest,Light,Brown,3.5,80.4,8,False,2024-09-28T22:00:31.000
97,F,West,Medium,Grayish,6.1,98.1,0,False,2025-03-17T02:59:56.000
98,F,West,Medium,Grayish,2.6,61.3,0,False,2024-10-30T12:32:13.000
99,M,Midwest,Medium,Grayish,3.2,69.2,5,False,2025-02-12T20:25:39.000
100,F,Midwest,Medium,Brown,0.3,23.1,0,False,2025-07-20T08:16:47.000
101,M,West,Light,Brown,2.3,53.2,8,True,2025-01-01T14:32:55.000
102,M,Northeast,Medium,Grayish,2.6,61.8,5,False,2024-10-18T00:23:17.000
103,F,Northeast,Medium,Grayish,2.7,51.2,0,True,2025-07-05T14:09:38.000
104,M,Midwest,Medium,Grayish,4.2,82.0,6,False,2025-03-03T14:10:29.000
105,F,South,Medium,Brown,5.8,86.3,0,True,2024-10-24T16:31:20.000
106,F,Northeast,Medium,Reddish,3.0,54.1,0,False,2025-03-29T05:48:49.000
107,F,Northeast,Medium,Brown,3.8,66.1,0,False,2025-02-28T11:47:41.000
108,F,Northeast,Light,Brown,0.3,31.8,0,False,2024-10-16T18:36:41.000
109,M,Northeast,Medium,Grayish,4.3,82.0,7,True,2024-09-02T10:26:55.000
110,M,Northeast,Medium,Brown,3.1,66.1,5,False,2025-05-11T02:00:58.000
111,M,Northeast,Light,Grayish,0.3,42.1,0,False,2025-07-19T10:54:03.000
112,M,Northeast,Medium,Brown,3.7,84.8,6,True,2024-12-10T03:30:16.000
113,F,Midwest,Medium,Brown,1.8,42.2,0,False,2024-11-12T00:52:25.000
114,F,Northeast,Light,Reddish,5.1,82.0,0,False,2024-12-03T22:44:27.000
115,F,South,Medium,Grayish,4.0,59.5,0,False,2025-04-03T18:37:51.000
116,F,Midwest,Medium,Brown,3.2,51.4,0,True,2025-02-11T15:29:19.000
117,M,Northeast,Medium,Reddish,6.5,110.1,9,True,2024-12-13T16:48:18.000
118,M,South,Light,Brown,2.8,74.3,6,False,2024-12-23T18:43:21.000
119,F,South,Medium,Grayish,2.5,63.4,0,False,2025-04-01T21:13:59.000
120,M,Midwest,Dark,Reddish,3.1,74.5,5,True,2024-12-03T04:44:27.000
121,M,Northeast,Light,Grayish,3.3,69.1,4,False,2025-02-18T14:45:42.000
122,F,South,Medium,Brown,1.4,42.3,0,True,2024-12-03T20:44:29.000
123,M,South,Medium,Reddish,4.2,74.0,13,False,2025-04-30T16:27:50.000
124,F,West,Medium,Grayish,3.9,68.7,0,False,2024-09-09T07:01:19.000
125,F,South,Medium,Brown,2.1,40.5,0,True,2025-06-06T06:02:13.000
126,M,South,Medium,Reddish,0.3,36.0,0,False,2025-05-23T17:57:13.000
127,F,Midwest,Medium,Brown,5.5,97.0,0,False,2024-09-07T15:20:52.000
128,F,Northeast,Dark,Brown,5.7,103.8,0,False,2024-09-16T22:39:08.000
129,F,Northeast,Dark,Brown,4.9,82.5,0,False,2025-03-22T04:31:51.000
130,M,South,Dark,Brown,5.1,96.0,6,False,2024-09-19T12:19:24.000
131,M,South,Dark,Brown,6.7,102.9,7,True,2025-05-17T15:54:50.000
132,F,Midwest,Medium,Brown,3.9,65.3,0,True,2025-02-25T15:33:43.000
133,F,Northeast,Medium,Brown,6.4,108.3,0,False,2025-06-05T05:17:19.000
134,M,Midwest,Dark,Brown,2.9,74.2,7,False,2025-02-19T10:16:23.000
135,M,South,Light,Brown,1.5,55.4,9,False,2025-07-14T18:15:43.000
136,F,Northeast,Medium,Reddish,3.3,64.7,0,False,2025-07-02T16:08:47.000
137,F,Northeast,Medium,Brown,2.7,64.7,0,False,2024-12-19T15:24:41.000
138,M,Midwest,Light,Grayish,4.3,82.5,6,False,2025-01-19T19:05:06.000
139,F,Midwest,Medium,Grayish,6.9,104.1,0,False,2025-01-01T05:19:05.000
140,F,South,Medium,Grayish,4.1,88.5,0,True,2024-12-24T13:56:03.000
141,F,South,Medium,Brown,5.4,82.1,0,False,2025-02-24T19:54:21.000
142,M,Midwest,Light,Brown,7.5,125.1,5,True,2025-01-14T07:01:07.000
143,M,West,Dark,Brown,6.9,113.0,6,False,2025-06-28T00:59:14.000
144,M,South,Medium,Brown,3.5,83.4,5,True,2025-01-05T12:46:17.000
145,F,Northeast,Dark,Grayish,2.0,44.8,0,False,2024-09-26T20:41:57.000
146,M,Northeast,Light,Brown,7.6,121.6,4,True,2025-01-09T12:53:01.000
147,M,Midwest,Medium,Brown,1.2,45.0,3,False,2025-03-03T01:18:11.000
148,M,Northeast,Light,Brown,0.3,40.9,0,False,2024-11-21T21:04:48.000
149,M,South,Medium,Brown,0.3,30.0,0,False,2024-09-04T13:48:35.000
150,M,South,Medium,Brown,5.7,91.9,7,False,2025-02-08T06:29:31.000
151,M,Midwest,Medium,Reddish,0.4,36.5,0,False,2025-07-15T16:52:49.000
152,F,West,Medium,Brown,2.9,55.1,0,True,2025-03-16T09:36:10.000
153,F,South,Medium,Brown,3.1,62.9,0,True,2025-05-17T20:14:00.000
154,M,Northeast,Light,Brown,6.0,102.3,6,False,2024-12-06T15:37:35.000
155,M,South,Light,Brown,0.6,36.0,0,False,2025-02-01T11:35:48.000
156,M,South,Light,Brown,3.5,76.1,10,True,2025-05-03T01:17:57.000
157,F,South,Medium,Brown,4.0,73.0,0,False,2024-09-06T09:19:19.000
158,F,West,Dark,Reddish,6.2,102.9,0,False,2025-03-17T13:13:31.000
159,F,West,Medium,Brown,2.9,57.6,0,False,2024-12-05T02:37:26.000
160,M,Midwest,Dark,Brown,3.9,68.4,6,True,2025-05-31T08:31:15.000
161,M,Midwest,Medium,Grayish,2.8,65.7,6,True,2024-10-18T17:08:31.000
162,F,Northeast,Medium,Brown,5.5,88.5,0,False,2025-01-26T07:57:22.000
163,F,Midwest,Medium,Brown,5.3,85.4,0,True,2024-11-13T02:14:14.000
164,M,Northeast,Light,Brown,2.6,66.8,9,False,2025-04-18T10:06:33.000
165,F,Northeast,Dark,Reddish,4.5,74.7,0,False,2025-04-25T20:50:04.000
166,F,South,Medium,Reddish,0.4,33.9,0,False,2024-11-19T01:34:44.000
167,F,Northeast,Dark,Reddish,3.5,62.7,0,False,2025-02-09T11:44:23.000
168,F,Northeast,Light,Brown,1.6,50.0,0,False,2025-06-14T14:20:57.000
169,M,South,Light,Reddish,2.6,57.0,4,False,2024-10-10T02:27:13.000
170,M,South,Light,Brown,5.4,83.1,9,False,2024-12-02T21:02:00.000
171,M,Midwest,Medium,Brown,7.7,119.1,5,False,2024-09-21T12:21:36.000
172,M,South,Light,Brown,3.8,95.1,5,True,2024-09-18T21:58:12.000
173,F,Northeast,Medium,Brown,3.1,58.1,0,True,2024-09-24T07:02:31.000
174,M,Northeast,Medium,Reddish,2.7,64.2,8,True,2025-01-17T15:39:53.000
175,F,Midwest,Medium,Grayish,4.9,82.9,0,False,2025-02-19T16:39:46.000
176,M,Northeast,Medium,Brown,3.1,67.1,7,False,2024-09-12T14:05:33.000
177,M,South,Dark,Grayish,5.4,98.9,5,False,2025-06-13T00:55:18.000
178,M,West,Medium,Grayish,6.5,111.2,7,True,2025-06-21T00:58:47.000
179,M,South,Light,Brown,4.7,101.3,10,False,2025-01-09T23:48:40.000
180,F,West,Medium,Brown,2.6,60.9,0,False,2025-01-14T18:46:55.000
181,F,Northeast,Light,Brown,4.9,82.9,0,False,2024-10-27T17:36:01.000
182,M,Midwest,Medium,Reddish,2.0,60.7,9,False,2025-02-21T12:21:19.000
183,F,West,Light,Reddish,0.3,29.8,0,True,2025-06-01T23:55:54.000
184,M,South,Dark,Brown,5.7,94.4,7,False,2025-01-12T13:31:05.000
185,M,South,Light,Reddish,7.2,125.7,6,True,2025-05-08T05:50:16.000
186,M,South,Medium,Brown,6.1,101.9,7,False,2025-05-30T11:29:16.000
187,M,Midwest,Light,Brown,2.7,69.7,8,True,2025-06-19T06:33:47.000
188,M,Midwest,Medium,Brown,0.3,37.0,0,True,2025-07-19T09:24:33.000
189,F,Northeast,Medium,Brown,2.0,52.0,0,False,2025-01-28T07:14:00.000
190,F,West,Medium,Reddish,4.7,87.5,0,False,2024-09-29T22:16:53.000
191,M,Midwest,Medium,Grayish,2.6,67.3,7,False,2024-10-31T08:11:46.000
192,M,West,Medium,Brown,6.2,104.1,8,False,2025-05-31T14:38:42.000
193,M,Northeast,Medium,Brown,1.8,52.3,9,False,2025-06-08T21:25:40.000
194,M,South,Medium,Grayish,4.4,88.8,4,False,2024-10-30T15:37:46.000
195,M,Midwest,Medium,Brown,3.9,76.9,7,False,2025-05-02T10:03:50.000
196,F,Northeast,Light,Grayish,3.9,67.1,0,False,2025-01-10T10:43:05.000
197,F,South,Medium,Grayish,0.6,29.1,0,False,2025-07-06T11:50:25.000
198,M,South,Dark,Grayish,3.2,68.8,8,False,2025-07-10T05:58:13.000
199,F,South,Dark,Grayish,3.9,72.6,0,False,2025-05-10T08:38:51.000
200,F,South,Dark,Brown,2.6,51.1,0,True,2024-12-13T22:38:22.000
201,F,South,Light,Brown,0.8,32.8,0,False,2024-10-31T16:41:35.000
202,M,South,Medium,Grayish,2.4,57.0,6,True,2025-01-17T22:29:18.000
203,F,Midwest,Light,Brown,1.5,30.2,0,False,2024-10-25T17:01:15.000
204,F,West,Dark,Grayish,4.1,76.6,0,True,2025-06-20T13:55:06.000
205,F,Midwest,Dark,Brown,5.3,92.1,0,False,2024-12-28T18:21:41.000
206,M,Midwest,Medium,Brown,4.0,77.6,6,False,2024-11-02T15:10:37.000
207,F,West,Dark,Brown,4.1,76.6,0,False,2025-04-06T23:28:06.000
208,F,Midwest,Medium,Grayish,3.0,60.5,0,False,2025-07-11T08:20:33.000
209,F,Midwest,Medium,Brown,3.8,61.2,0,False,2024-11-04T19:47:10.000
210,M,South,Medium,Grayish,0.3,43.3,0,False,2025-02-21T11:04:54.000
211,F,South,Dark,Brown,3.5,52.7,0,False,2024-11-28T19:49:06.000
212,F,Midwest,Medium,Brown,5.1,83.5,0,False,2025-03-02T21:01:03.000
213,M,Northeast,Medium,Grayish,2.3,64.6,10,True,2024-09-23T19:31:44.000
214,F,South,Medium,Reddish,4.8,73.6,0,False,2024-11-18T20:39:43.000
215,M,South,Medium,Brown,0.3,45.9,0,False,2024-10-10T10:45:08.000
216,F,South,Light,Brown,3.5,61.1,0,False,2025-07-17T08:41:52.000
217,F,Midwest,Medium,Brown,3.0,66.2,0,False,2024-09-13T05:40:04.000
218,F,South,Light,Brown,4.3,73.1,0,False,2024-11-26T08:55:59.000
219,F,South,Light,Brown,3.6,70.0,0,False,2025-06-22T08:59:10.000
220,M,West,Light,Brown,7.8,126.0,7,True,2024-10-04T10:50:21.000
221,M,South,Medium,Grayish,0.3,50.6,0,True,2024-10-21T17:56:17.000
222,M,South,Dark,Brown,0.4,40.0,0,False,2024-10-08T07:30:41.000
223,F,South,Light,Reddish,2.0,52.9,0,True,2025-02-07T18:57:01.000
224,M,West,Light,Grayish,3.5,79.1,7,False,2025-01-29T03:37:41.000
225,F,Northeast,Medium,Reddish,2.1,49.1,0,False,2025-07-17T16:43:28.000
226,M,South,Light,Grayish,2.0,55.3,6,False,2025-06-02T11:33:33.000
227,M,South,Medium,Grayish,0.3,38.8,0,False,2024-09-29T09:09:26.000
228,M,South,Medium,Brown,0.6,46.0,0,False,2025-03-01T04:59:16.000
229,F,Northeast,Light,Grayish,1.6,47.5,0,False,2025-04-20T05:05:26.000
230,F,Midwest,Dark,Brown,6.4,102.9,0,False,2025-01-14T15:15:56.000
231,F,West,Medium,Brown,1.7,42.5,0,True,2025-04-19T08:05:14.000
232,M,South,Medium,Grayish,8.9,143.9,6,True,2024-12-30T14:03:28.000
233,F,Northeast,Light,Brown,5.5,82.9,0,False,2024-12-11T06:09:02.000
234,M,Midwest,Dark,Reddish,2.8,66.4,6,False,2025-04-20T20:05:18.000
235,F,South,Light,Grayish,5.0,70.6,0,False,2025-04-06T16:14:56.000
236,F,West,Medium,Reddish,5.4,83.6,0,False,2024-12-15T09:35:02.000
237,M,Midwest,Light,Reddish,0.9,42.8,0,True,2024-11-04T08:54:14.000
238,F,Northeast,Light,Brown,0.3,18.1,0,False,2024-10-02T07:58:58.000
239,F,Northeast,Light,Reddish,6.3,91.7,0,False,2025-07-22T13:34:08.000
240,M,Northeast,Medium,Brown,1.4,55.4,7,False,2024-11-19T23:24:24.000
241,F,Northeast,Light,Brown,5.1,87.2,0,False,2025-07-16T19:16:27.000
242,M,Northeast,Medium,Reddish,4.7,96.0,4,True,2024-10-24T05:18:41.000
243,F,South,Medium,Grayish,0.3,33.6,0,False,2025-07-09T12:20:17.000
244,F,South,Light,Grayish,4.7,83.3,0,False,2025-04-22T00:20:42.000
245,M,Midwest,Medium,Reddish,4.5,91.8,4,False,2025-02-19T17:35:19.000
246,F,West,Light,Grayish,5.9,95.6,0,True,2024-11-21T10:16:09.000
247,M,Northeast,Medium,Brown,3.3,80.4,6,False,2024-10-02T08:08:03.000
248,F,Northeast,Dark,Grayish,4.3,65.5,0,False,2025-07-16T14:52:32.000
249,F,South,Medium,Grayish,4.1,71.3,0,True,2024-09-15T04:50:52.000
250,M,Midwest,Light,Grayish,2.9,74.1,6,True,2024-09-12T12:41:10.000
251,F,Northeast,Light,Reddish,6.6,107.4,0,False,2024-11-10T20:57:08.000
252,M,West,Light,Grayish,5.3,97.1,6,False,2025-04-12T13:48:59.000
253,F,South,Light,Reddish,6.4,97.9,0,True,2025-07-22T17:19:36.000
254,M,South,Medium,Grayish,4.1,87.4,8,False,2025-05-09T23:16:54.000
255,M,Midwest,Dark,Reddish,5.7,100.5,7,False,2025-02-25T01:06:02.000
256,F,South,Medium,Brown,1.4,33.2,0,True,2025-01-02T03:51:43.000
257,F,Northeast,Medium,Brown,2.1,55.3,0,False,2024-10-04T00:27:49.000
258,F,Midwest,Medium,Brown,5.4,85.6,0,False,2025-06-02T16:31:34.000
259,F,South,Dark,Reddish,2.9,59.0,0,False,2024-12-06T13:21:11.000
260,M,South,Medium,Reddish,2.6,54.6,8,True,2025-01-31T08:04:49.000
261,F,Midwest,Light,Grayish,3.7,52.1,0,True,2025-01-25T13:06:45.000
262,M,Northeast,Light,Brown,0.3,39.4,0,False,2025-06-30T01:23:28.000
263,M,Midwest,Light,Brown,3.7,87.5,7,False,2024-11-02T07:28:45.000
264,F,West,Light,Brown,4.3,61.0,0,False,2025-01-27T01:42:42.000
265,M,West,Dark,Brown,2.7,62.4,3,False,2025-01-19T13:55:57.000
266,M,South,Medium,Brown,1.1,49.7,8,False,2024-09-28T07:24:39.000
267,F,Northeast,Light,Reddish,6.9,107.1,0,False,2024-12-09T21:44:45.000
268,M,Northeast,Medium,Brown,4.2,83.9,10,False,2025-05-11T14:45:50.000
269,F,Northeast,Medium,Brown,1.3,38.5,0,True,2025-02-02T09:24:00.000
270,F,South,Light,Brown,2.2,43.7,0,False,2024-11-01T10:05:37.000
271,M,Northeast,Dark,Brown,0.3,43.3,0,False,2025-02-02T05:52:28.000
272,M,Northeast,Light,Brown,0.3,42.5,0,True,2025-03-05T14:08:12.000
273,M,Midwest,Medium,Grayish,0.3,38.9,0,True,2025-05-23T00:36:00.000
274,F,South,Medium,Grayish,1.7,29.7,0,False,2025-01-02T16:04:36.000
275,M,Midwest,Medium,Reddish,4.2,93.6,7,False,2025-05-24T07:12:18.000
276,M,West,Dark,Brown,4.8,90.4,7,True,2025-02-02T21:57:42.000
277,M,Northeast,Medium,Grayish,3.1,73.5,5,False,2025-05-20T17:25:37.000
278,F,Northeast,Light,Grayish,5.4,99.5,0,True,2024-09-29T21:06:53.000
279,M,South,Medium,Grayish,4.5,95.0,7,False,2024-11-17T18:17:01.000
280,F,Northeast,Medium,Brown,1.0,34.6,0,False,2024-09-09T20:58:45.000
281,M,South,Light,Reddish,1.7,60.0,5,False,2025-04-14T13:50:29.000
282,F,South,Medium,Grayish,3.9,73.5,0,False,2025-05-12T12:38:48.000
283,F,Northeast,Light,Grayish,4.7,76.0,0,False,2024-11-27T14:50:37.000
284,M,Midwest,Dark,Brown,5.5,99.9,3,False,2024-09-10T04:44:11.000
285,F,South,Medium,Reddish,0.6,19.7,0,True,2025-05-26T17:30:15.000
286,M,Northeast,Light,Grayish,0.3,27.3,0,True,2025-06-12T13:30:51.000
287,F,West,Dark,Brown,7.4,113.1,0,True,2025-01-30T17:39:20.000
288,F,Northeast,Light,Brown,2.8,65.2,0,True,2025-02-15T20:11:21.000
289,M,Northeast,Medium,Brown,5.4,92.0,7,False,2025-07-13T17:07:01.000
290,M,South,Dark,Brown,3.4,81.2,9,False,2025-05-21T21:03:54.000
291,M,Northeast,Medium,Grayish,0.6,41.3,0,False,2024-10-20T13:17:43.000
292,M,West,Dark,Grayish,6.2,118.4,6,False,2025-02-14T22:33:46.000
293,M,Midwest,Medium,Brown,4.3,82.6,7,True,2024-10-20T16:28:10.000
294,M,Northeast,Medium,Brown,6.4,127.7,6,True,2025-05-01T03:05:09.000
295,F,Northeast,Medium,Brown,4.6,81.1,0,True,2025-03-01T23:51:15.000
296,M,Midwest,Light,Brown,1.4,48.5,10,False,2025-07-01T20:49:22.000
297,F,West,Dark,Brown,3.3,64.3,0,True,2024-11-17T11:59:20.000
298,M,Midwest,Medium,Brown,5.4,87.0,8,True,2024-12-24T04:19:11.000
299,M,Midwest,Medium,Grayish,2.0,59.3,6,False,2024-12-28T21:00:55.000
300,F,South,Medium,Grayish,3.8,66.9,0,False,2025-03-20T02:19:02.000
301,F,South,Medium,Brown,5.7,94.6,0,True,2024-11-20T21:19:13.000
302,M,South,Light,Grayish,0.9,42.0,0,False,2025-03-17T11:52:21.000
303,M,Midwest,Light,Brown,2.7,49.2,6,False,2025-01-09T15:29:09.000
304,F,Midwest,Medium,Reddish,3.8,53.1,0,False,2024-10-05T22:48:20.000
305,M,West,Light,Brown,5.3,92.8,7,False,2025-02-16T18:53:39.000
306,M,West,Medium,Brown,3.2,63.9,9,False,2025-04-30T06:42:52.000
307,F,Midwest,Light,Brown,2.0,52.4,0,False,2025-04-08T01:11:11.000
308,F,West,Dark,Brown,4.5,70.6,0,False,2025-07-16T22:53:00.000
309,F,Northeast,Light,Reddish,2.2,52.2,0,False,2024-11-30T04:41:22.000
310,F,South,Medium,Grayish,4.3,73.7,0,False,2024-11-11T10:59:10.000
311,M,West,Dark,Brown,4.1,91.6,6,True,2025-03-16T04:44:08.000
312,F,South,Medium,Grayish,3.0,59.6,0,True,2025-02-16T02:46:40.000
313,F,South,Medium,Brown,5.1,85.5,0,False,2024-09-23T10:06:34.000
314,F,Northeast,Medium,Brown,5.8,86.6,0,True,2025-04-17T18:40:11.000
315,F,South,Medium,Grayish,0.8,34.9,0,False,2024-12-28T04:47:52.000
316,M,South,Light,Brown,4.5,91.1,5,False,2025-04-30T18:27:25.000
317,M,South,Dark,Grayish,3.1,69.5,8,False,2025-03-21T02:22:09.000
318,F,South,Dark,Brown,2.8,60.9,0,False,2025-06-07T09:12:44.000
319,F,Northeast,Medium,Brown,3.6,60.0,0,False,2024-11-05T03:28:05.000
320,F,South,Medium,Reddish,5.8,91.3,0,True,2024-09-15T04:01:50.000
321,M,Midwest,Medium,Grayish,3.1,72.7,7,False,2024-12-21T18:40:49.000
322,F,South,Light,Brown,2.8,54.8,0,True,2024-09-27T06:33:56.000
323,M,Northeast,Light,Brown,0.9,51.2,0,True,2024-12-18T19:16:35.000
324,F,South,Dark,Brown,3.1,64.1,0,False,2024-11-21T13:03:20.000
325,M,Northeast,Medium,Grayish,3.4,70.1,4,True,2025-02-28T08:11:47.000
326,M,South,Light,Reddish,1.5,45.4,7,False,2024-10-22T07:49:53.000
327,M,Northeast,Medium,Brown,2.8,66.6,6,False,2025-04-11T11:26:13.000
328,M,Northeast,Medium,Brown,4.4,81.5,6,True,2024-12-27T16:07:04.000
329,F,Northeast,Medium,Brown,6.2,95.0,0,True,2025-03-22T11:34:42.000
330,M,Midwest,Light,Brown,2.9,61.1,7,False,2025-01-30T16:39:03.000
331,F,West,Medium,Grayish,7.5,117.7,0,False,2025-03-04T21:10:01.000
332,F,Northeast,Medium,Brown,5.5,90.1,0,False,2024-12-15T20:00:49.000
333,M,South,Medium,Brown,5.2,97.3,7,False,2024-09-13T14:38:08.000
334,F,Northeast,Light,Brown,4.7,84.4,0,False,2024-09-15T17:53:41.000
335,M,Midwest,Dark,Brown,3.7,63.6,10,False,2025-02-06T00:54:00.000
336,F,Midwest,Medium,Grayish,2.2,49.7,0,False,2024-12-02T04:15:30.000
337,M,Northeast,Medium,Grayish,3.4,72.4,8,True,2025-01-31T06:10:47.000
338,F,Midwest,Medium,Brown,3.6,70.3,0,False,2025-07-11T15:08:43.000
339,M,Midwest,Medium,Brown,3.8,81.7,9,False,2025-03-16T00:50:26.000
340,M,Midwest,Medium,Brown,6.6,115.4,6,True,2024-12-07T18:24:39.000
341,F,South,Light,Brown,7.5,120.9,0,True,2025-04-20T18:36:30.000
342,F,Northeast,Medium,Brown,4.6,67.0,0,False,2025-05-30T03:59:13.000
343,F,West,Medium,Grayish,5.6,83.8,0,True,2025-06-13T06:03:37.000
344,F,Northeast,Dark,Brown,2.2,56.7,0,False,2025-03-31T12:39:40.000
345,M,West,Dark,Brown,0.3,45.3,0,False,2025-06-06T13:44:49.000
346,F,Northeast,Light,Brown,3.4,58.9,0,False,2025-03-30T00:41:48.000
347,F,West,Medium,Grayish,4.1,79.0,0,False,2025-04-30T08:57:29.000
348,M,Northeast,Light,Grayish,6.4,115.1,7,False,2025-01-06T16:36:40.000
349,F,Northeast,Light,Brown,8.4,115.6,0,False,2024-12-14T22:23:27.000
350,M,Northeast,Medium,Brown,4.1,78.6,6,True,2024-12-28T05:21:51.000
351,F,South,Light,Grayish,6.2,99.5,0,True,2025-07-14T02:21:41.000
352,M,Northeast,Light,Brown,5.8,102.2,6,True,2024-12-26T16:42:45.000
353,F,Midwest,Medium,Reddish,4.0,81.9,0,False,2025-04-21T17:52:08.000
354,F,South,Dark,Brown,5.2,89.1,0,True,2025-01-09T23:00:19.000
355,F,Northeast,Dark,Brown,4.4,81.3,0,False,2024-11-18T14:47:28.000
356,M,Midwest,Light,Grayish,6.7,109.5,9,True,2025-02-15T08:46:58.000
357,F,Midwest,Medium,Reddish,1.5,33.7,0,True,2024-10-27T01:14:23.000
358,M,Northeast,Light,Brown,0.3,33.0,0,False,2025-03-18T02:02:43.000
359,F,West,Medium,Grayish,3.9,78.3,0,False,2025-06-25T10:18:03.000
360,F,Midwest,Dark,Brown,5.5,100.2,0,False,2025-02-14T06:09:06.000
361,M,Midwest,Light,Grayish,5.7,96.6,11,True,2025-05-18T19:22:31.000
362,F,South,Medium,Brown,2.5,52.2,0,False,2025-03-15T09:37:08.000
363,F,West,Medium,Grayish,4.7,64.5,0,False,2024-11-22T20:44:43.000
364,F,Northeast,Medium,Brown,2.3,58.4,0,False,2025-06-28T22:57:06.000
365,F,Northeast,Dark,Reddish,5.0,75.5,0,True,2025-06-11T21:28:06.000
366,M,West,Medium,Brown,2.1,63.6,8,False,2024-09-23T18:09:20.000
367,M,Midwest,Medium,Grayish,1.5,58.8,8,False,2024-11-27T01:14:39.000
368,M,Midwest,Medium,Brown,5.5,91.0,8,True,2025-07-08T03:45:49.000
369,F,Midwest,Light,Brown,1.1,31.0,0,True,2025-01-22T14:31:44.000
370,M,South,Light,Brown,0.7,45.8,0,True,2025-03-15T21:09:26.000
371,M,Midwest,Medium,Grayish,5.2,103.7,9,False,2025-03-03T06:08:56.000
372,M,South,Medium,Reddish,3.8,75.5,7,False,2025-04-01T22:09:22.000
373,M,Midwest,Medium,Brown,0.3,30.3,0,False,2025-06-03T09:49:41.000
374,M,Northeast,Medium,Brown,6.0,107.1,7,True,2025-03-05T01:56:40.000
375,M,Midwest,Dark,Reddish,1.2,55.0,8,False,2025-03-21T18:03:29.000
376,M,West,Medium,Grayish,2.7,58.8,10,False,2025-05-27T12:53:37.000
377,M,Midwest,Medium,Brown,3.4,69.1,7,False,2025-03-29T22:45:54.000
378,F,Midwest,Medium,Grayish,7.7,122.4,0,False,2024-12-19T15:55:01.000
379,M,Northeast,Dark,Brown,3.6,77.4,4,False,2025-02-26T01:53:15.000
380,F,South,Medium,Brown,5.4,82.9,0,False,2025-01-07T18:42:24.000
381,F,Midwest,Dark,Brown,3.3,62.6,0,False,2025-01-05T19:10:45.000
382,M,Midwest,Light,Brown,4.7,92.3,8,True,2025-03-16T01:39:02.000
383,M,Midwest,Medium,Brown,0.8,48.8,0,True,2024-12-21T18:21:26.000
384,F,Midwest,Dark,Brown,3.6,68.0,0,False,2025-01-17T20:35:53.000
385,M,Midwest,Dark,Grayish,2.4,61.7,7,False,2025-07-07T19:00:54.000
386,F,Midwest,Light,Grayish,1.6,32.1,0,False,2025-06-02T18:14:17.000
387,F,Midwest,Medium,Brown,4.2,76.6,0,False,2025-03-09T10:23:11.000
388,M,Northeast,Light,Reddish,5.7,104.5,5,False,2025-03-20T22:15:01.000
389,F,Northeast,Medium,Brown,4.6,79.4,0,False,2025-02-10T22:28:05.000
390,F,Midwest,Medium,Grayish,3.0,59.1,0,False,2025-02-07T19:16:10.000
391,F,West,Medium,Grayish,5.1,84.9,0,False,2024-12-22T19:20:40.000
392,F,Midwest,Light,Brown,1.4,45.5,0,True,2025-04-15T02:25:33.000
393,M,South,Medium,Reddish,4.3,82.4,5,False,2024-09-03T05:58:32.000
394,F,West,Dark,Grayish,4.7,72.1,0,False,2025-04-16T22:30:17.000
395,M,South,Medium,Brown,3.5,80.4,2,True,2024-10-21T18:37:25.000
396,F,South,Medium,Brown,3.1,57.9,0,False,2024-12-25T07:55:45.000
397,F,South,Medium,Brown,3.9,68.1,0,True,2025-07-19T00:55:07.000
398,M,South,Medium,Brown,2.5,65.6,5,True,2025-04-29T08:33:36.000
399,M,Northeast,Medium,Brown,3.2,69.9,7,False,2025-02-03T12:23:24.000
400,F,Northeast,Light,Brown,5.1,83.8,0,False,2025-04-26T07:43:59.000
401,F,Northeast,Medium,Reddish,0.3,19.9,0,False,2024-12-18T07:43:54.000
402,F,Northeast,Medium,Brown,6.1,104.0,0,False,2025-04-02T23:48:08.000
403,M,South,Medium,Brown,4.5,78.9,8,False,2024-11-16T14:24:04.000
404,M,South,Medium,Reddish,4.1,90.1,7,False,2025-06-08T23:56:47.000
405,F,Northeast,Medium,Brown,1.6,34.6,0,False,2025-05-21T23:43:47.000
406,M,South,Medium,Brown,2.8,62.3,5,False,2025-05-15T00:58:51.000
407,F,Midwest,Dark,Brown,2.4,49.2,0,False,2025-07-31T23:55:24.000
408,F,Midwest,Dark,Brown,5.0,88.2,0,False,2024-11-11T16:45:56.000
409,M,Northeast,Dark,Grayish,4.9,93.0,6,True,2024-11-12T23:11:29.000
410,M,West,Light,Grayish,5.9,101.0,7,True,2025-05-08T10:26:55.000
411,F,Northeast,Medium,Brown,3.7,59.9,0,True,2024-10-20T10:04:49.000
412,F,Northeast,Medium,Brown,0.3,32.6,0,False,2024-11-03T20:41:33.000
413,F,Midwest,Medium,Brown,1.7,43.6,0,False,2024-12-18T16:19:06.000
414,F,Midwest,Medium,Brown,2.9,60.3,0,True,2025-07-07T14:32:15.000
415,M,Midwest,Dark,Grayish,4.3,83.4,8,False,2025-03-20T19:12:17.000
416,M,West,Medium,Grayish,0.6,37.1,0,False,2025-01-01T11:09:53.000
417,F,Northeast,Medium,Brown,3.2,65.3,0,True,2025-02-16T15:18:15.000
418,F,South,Light,Brown,3.7,69.1,0,True,2025-01-16T16:22:40.000
419,F,Midwest,Light,Brown,2.4,58.6,0,False,2025-02-15T06:18:59.000
420,M,South,Medium,Brown,3.2,72.5,8,True,2025-06-22T01:03:21.000
421,F,South,Medium,Grayish,8.1,111.7,0,False,2025-07-04T01:31:25.000
422,F,South,Light,Brown,3.5,69.6,0,False,2024-12-23T16:07:27.000
423,F,West,Light,Brown,7.5,113.3,0,True,2024-11-08T11:57:26.000
424,F,South,Light,Brown,4.0,69.6,0,True,2025-05-26T08:06:11.000
425,F,Northeast,Medium,Brown,2.2,30.7,0,False,2025-05-26T03:53:55.000
426,F,Midwest,Medium,Brown,4.7,74.2,0,False,2024-09-26T02:26:09.000
427,M,South,Medium,Grayish,2.7,66.4,9,True,2024-12-26T13:32:28.000
428,F,South,Light,Brown,3.4,60.0,0,True,2024-11-11T22:16:52.000
429,M,West,Medium,Brown,0.3,38.1,0,True,2024-12-23T09:05:37.000
430,M,Midwest,Light,Grayish,4.2,87.0,3,False,2024-10-26T19:55:32.000
431,M,Northeast,Dark,Brown,2.4,61.7,7,True,2024-11-01T04:19:14.000
432,F,South,Medium,Grayish,5.8,86.9,0,False,2024-12-08T19:25:38.000
433,F,Midwest,Light,Brown,3.8,71.2,0,True,2025-04-23T06:31:38.000
434,M,South,Dark,Reddish,2.8,68.7,8,True,2024-09-24T13:24:18.000
435,M,Northeast,Medium,Reddish,1.4,48.3,5,False,2025-07-11T19:26:04.000
436,F,Midwest,Medium,Brown,3.6,54.8,0,False,2025-03-27T23:18:33.000
437,F,South,Light,Reddish,2.8,49.1,0,False,2025-07-01T05:22:03.000
438,M,Northeast,Light,Reddish,2.0,61.8,7,True,2025-06-30T21:03:15.000
439,M,Midwest,Medium,Brown,7.2,117.8,6,True,2025-05-15T04:00:23.000
440,M,Northeast,Medium,Brown,3.2,60.6,5,True,2024-12-11T23:40:13.000
441,M,West,Medium,Brown,5.3,95.4,4,True,2025-07-26T02:49:08.000
442,F,South,Medium,Brown,6.4,100.0,0,False,2024-11-23T03:42:23.000
443,M,South,Medium,Brown,4.3,88.4,8,True,2025-04-03T19:13:30.000
444,F,Midwest,Light,Brown,4.8,83.1,0,False,2025-04-21T17:28:35.000
445,F,West,Medium,Brown,4.5,79.2,0,False,2024-09-05T17:05:49.000
446,F,Midwest,Medium,Brown,5.4,83.1,0,True,2024-09-06T17:48:15.000
447,M,South,Dark,Brown,4.7,79.2,8,False,2024-11-19T21:48:53.000
448,M,Northeast,Medium,Reddish,4.5,83.2,9,True,2025-02-15T02:23:28.000
449,M,South,Light,Brown,3.8,86.7,8,True,2024-10-02T01:44:59.000
450,F,Northeast,Medium,Grayish,2.6,45.0,0,False,2025-03-25T08:04:18.000
451,M,Northeast,Medium,Brown,2.6,69.5,8,True,2025-07-28T16:35:02.000
452,M,West,Medium,Grayish,2.2,50.3,5,False,2024-12-14T14:35:37.000
453,M,Midwest,Light,Brown,3.9,71.8,7,False,2024-11-17T03:30:23.000
454,M,West,Light,Reddish,6.1,106.7,6,False,2025-03-30T09:54:52.000
455,F,South,Medium,Brown,1.6,37.1,0,False,2025-01-13T10:18:38.000
456,F,South,Medium,Grayish,2.3,49.0,0,False,2025-06-09T11:36:39.000
457,M,South,Light,Brown,1.6,45.1,11,False,2024-09-21T08:33:31.000
458,F,West,Medium,Brown,3.4,64.4,0,True,2024-09-02T21:36:03.000
459,F,Northeast,Medium,Brown,5.5,94.0,0,True,2025-06-15T00:45:17.000
460,F,West,Medium,Reddish,2.8,47.6,0,False,2025-04-29T13:23:23.000
461,M,Midwest,Medium,Brown,4.1,85.3,5,False,2025-02-16T16:41:39.000
462,F,Northeast,Dark,Grayish,0.3,28.7,0,True,2024-12-26T04:44:49.000
463,F,West,Dark,Brown,3.2,65.9,0,True,2025-06-02T01:52:59.000
464,F,Northeast,Light,Reddish,4.5,63.1,0,False,2024-11-11T06:16:45.000
465,F,Midwest,Dark,Grayish,2.3,55.8,0,True,2024-09-10T10:45:08.000
466,M,South,Light,Grayish,0.3,29.5,0,False,2025-07-11T18:55:08.000
467,F,Midwest,Medium,Brown,4.4,74.1,0,True,2024-09-01T00:59:42.000
468,M,South,Light,Brown,3.3,69.7,4,True,2025-03-19T16:10:25.000
469,M,South,Medium,Brown,7.1,111.9,5,False,2025-07-09T22:20:56.000
470,M,South,Medium,Grayish,2.4,56.4,9,True,2025-04-24T08:45:56.000
471,M,Northeast,Medium,Brown,3.2,66.8,6,False,2025-01-15T12:12:10.000
472,M,South,Dark,Reddish,2.7,66.2,8,False,2024-09-17T07:40:56.000
473,F,South,Medium,Brown,3.7,71.5,0,False,2025-07-02T23:15:38.000
474,F,Northeast,Medium,Reddish,0.3,24.6,0,True,2024-12-20T20:31:32.000
475,F,West,Dark,Brown,6.2,101.9,0,True,2024-10-25T00:10:12.000
476,M,West,Light,Brown,4.8,91.3,6,False,2024-11-06T09:02:03.000
477,M,Midwest,Medium,Brown,3.0,75.6,9,True,2025-04-23T23:07:22.000
478,M,West,Medium,Brown,2.8,58.4,4,False,2025-03-31T22:51:26.000
479,M,West,Medium,Reddish,4.5,87.6,6,False,2024-09-07T12:18:21.000
480,M,Northeast,Light,Grayish,4.2,82.9,8,True,2025-03-16T06:15:35.000
481,F,South,Medium,Grayish,2.7,55.9,0,True,2025-05-02T19:34:21.000
482,F,West,Light,Brown,3.2,63.2,0,False,2025-04-15T10:04:46.000
483,M,South,Medium,Brown,4.2,88.0,7,False,2024-09-17T18:21:27.000
484,M,Northeast,Medium,Brown,2.7,66.0,5,True,2025-07-25T10:50:57.000
485,F,Midwest,Dark,Grayish,2.8,59.4,0,False,2024-11-03T19:57:20.000
486,F,South,Medium,Brown,2.7,53.4,0,False,2024-09-10T09:33:18.000
487,M,Midwest,Light,Brown,2.8,65.4,10,False,2025-05-11T10:13:37.000
488,M,Midwest,Dark,Brown,0.9,39.8,0,False,2025-06-07T15:42:41.000
489,M,Northeast,Light,Grayish,1.6,58.4,4,False,2025-07-29T16:40:41.000
490,F,Northeast,Light,Grayish,4.2,77.8,0,False,2024-09-13T08:50:23.000
491,F,Midwest,Light,Brown,5.1,91.6,0,True,2024-09-20T14:23:54.000
492,F,Midwest,Medium,Brown,3.4,60.7,0,True,2025-04-11T03:28:41.000
493,F,South,Medium,Grayish,0.3,25.3,0,True,2025-03-18T06:45:30.000
494,M,West,Dark,Reddish,0.6,54.7,0,True,2024-09-06T22:04:23.000
495,F,Northeast,Medium,Brown,4.3,80.8,0,True,2024-11-29T03:27:19.000
496,F,Midwest,Light,Grayish,6.8,95.6,0,True,2024-10-08T22:12:08.000
497,M,West,Dark,Brown,5.9,107.9,5,False,2025-02-18T23:55:37.000
498,F,South,Light,Brown,3.1,62.0,0,False,2025-06-20T22:53:00.000
499,F,Northeast,Light,Grayish,2.8,54.3,0,False,2025-07-07T22:43:41.000
500,M,South,Light,Brown,2.7,63.5,9,True,2024-09-21T04:15:43.000
501,F,Northeast,Dark,Brown,6.9,100.4,0,False,2025-04-16T20:01:02.000
502,F,West,Medium,Reddish,4.0,67.6,0,True,2024-10-01T14:47:13.000
503,M,Midwest,Dark,Brown,1.7,48.5,10,False,2024-09-13T06:31:20.000
504,F,South,Medium,Brown,5.4,80.5,0,False,2025-05-01T21:43:51.000
505,M,Midwest,Medium,Grayish,5.1,91.6,7,False,2025-02-03T09:20:55.000
506,F,Midwest,Medium,Grayish,0.3,21.0,0,False,2024-10-28T21:41:45.000
507,M,Northeast,Light,Brown,2.3,64.6,4,True,2025-07-14T17:05:07.000
508,M,Midwest,Medium,Brown,5.5,104.9,4,False,2025-07-19T01:28:49.000
509,F,Midwest,Dark,Brown,5.3,85.4,0,False,2025-05-31T09:04:50.000
510,M,South,Medium,Brown,1.1,43.9,5,False,2025-03-05T18:51:33.000
511,M,Midwest,Medium,Grayish,3.5,78.5,7,False,2025-07-13T15:32:10.000
512,M,South,Medium,Brown,5.2,94.4,10,False,2025-07-02T22:31:00.000
513,M,Midwest,Medium,Grayish,4.2,95.2,9,True,2025-06-18T08:20:10.000
514,F,South,Medium,Grayish,1.4,23.7,0,False,2024-11-11T05:24:08.000
515,F,West,Medium,Brown,3.2,47.1,0,False,2024-09-21T09:19:24.000
516,F,Midwest,Medium,Grayish,4.8,73.7,0,False,2025-07-09T19:57:08.000
517,F,Midwest,Light,Brown,4.5,79.6,0,True,2025-01-18T08:48:27.000
518,F,South,Medium,Grayish,1.6,46.6,0,False,2025-07-17T02:19:56.000
519,M,Midwest,Dark,Brown,8.1,127.1,9,False,2025-07-07T04:47:30.000
520,M,Midwest,Dark,Brown,4.0,80.8,6,True,2024-09-01T00:02:33.000
521,F,Northeast,Light,Brown,0.6,28.2,0,False,2024-09-11T08:32:51.000
522,M,Midwest,Medium,Brown,2.9,70.5,8,False,2024-11-14T18:29:32.000
523,M,Northeast,Medium,Grayish,0.3,48.5,0,False,2025-07-14T23:02:45.000
524,F,South,Medium,Grayish,2.2,35.5,0,False,2025-01-31T17:05:30.000
525,F,West,Medium,Brown,3.5,78.1,0,False,2025-06-11T22:19:02.000
526,F,South,Medium,Brown,8.3,128.7,0,True,2024-12-07T00:18:07.000
527,F,South,Medium,Reddish,3.9,67.7,0,True,2024-11-01T14:42:40.000
528,F,Northeast,Light,Brown,4.3,77.3,0,True,2024-09-14T01:09:17.000
529,F,Northeast,Medium,Grayish,5.0,82.6,0,False,2024-11-06T20:35:35.000
530,M,Northeast,Light,Brown,4.0,83.7,9,True,2024-12-06T17:01:00.000
531,F,South,Dark,Grayish,2.4,54.5,0,False,2024-11-26T14:02:37.000
532,M,Northeast,Light,Brown,6.2,111.9,9,False,2024-11-29T04:31:12.000
533,M,Northeast,Dark,Brown,4.6,82.0,7,False,2025-01-22T15:44:26.000
534,F,West,Medium,Grayish,6.6,105.7,0,True,2025-03-27T00:40:33.000
535,M,Midwest,Dark,Brown,5.6,96.1,6,True,2025-01-29T04:41:45.000
536,M,Northeast,Medium,Grayish,1.7,51.4,9,False,2024-10-10T15:25:02.000
537,M,Midwest,Medium,Grayish,2.7,70.0,10,False,2024-09-17T14:09:43.000
538,F,South,Medium,Grayish,2.8,53.8,0,False,2025-04-10T05:06:36.000
539,M,Midwest,Light,Brown,2.8,68.2,7,True,2025-02-13T08:09:17.000
540,F,Northeast,Medium,Reddish,4.5,78.8,0,False,2025-01-24T12:15:02.000
541,F,Midwest,Medium,Brown,3.2,61.9,0,False,2025-05-28T16:52:23.000
542,F,Northeast,Light,Brown,2.0,39.5,0,False,2024-09-14T00:45:05.000
543,F,South,Dark,Grayish,6.5,103.8,0,False,2025-05-29T20:24:23.000
544,M,West,Medium,Brown,6.3,109.6,8,False,2025-05-22T06:57:01.000
545,M,Northeast,Medium,Brown,3.7,90.6,9,True,2025-03-15T05:37:43.000
546,F,South,Medium,Brown,1.5,34.6,0,True,2025-06-09T04:37:07.000
547,F,South,Dark,Brown,2.4,58.0,0,False,2024-12-25T20:28:51.000
548,M,South,Light,Brown,2.1,55.6,10,False,2024-09-14T00:34:33.000
549,F,Northeast,Light,Reddish,1.8,42.7,0,True,2025-04-13T08:59:39.000
550,M,Northeast,Light,Grayish,1.7,63.6,10,True,2024-10-14T10:36:54.000
551,M,Midwest,Dark,Brown,4.1,81.3,7,True,2024-10-21T09:51:02.000
552,M,Northeast,Medium,Reddish,4.2,88.1,10,False,2025-04-25T20:56:43.000
553,M,South,Medium,Brown,4.4,86.5,5,True,2024-12-27T15:45:52.000
554,M,Midwest,Light,Brown,1.8,49.1,3,False,2024-09-20T02:05:57.000
555,F,Midwest,Dark,Grayish,4.2,72.0,0,False,2025-03-06T00:53:33.000
556,M,South,Light,Brown,7.5,120.3,6,False,2025-02-18T08:06:47.000
557,M,Northeast,Medium,Brown,4.1,80.8,8,False,2024-12-27T21:49:02.000
558,M,Midwest,Light,Brown,2.8,77.7,4,False,2025-02-16T05:22:39.000
559,M,Midwest,Dark,Brown,8.9,142.5,7,True,2025-02-02T22:58:20.000
560,M,Northeast,Medium,Brown,4.2,72.9,7,False,2024-12-16T15:42:56.000
561,M,South,Medium,Grayish,2.4,73.0,7,True,2024-12-03T05:26:13.000
562,F,South,Medium,Brown,5.3,88.8,0,False,2024-10-17T18:01:59.000
563,M,Northeast,Light,Brown,2.2,64.7,8,False,2024-12-05T23:08:45.000
564,M,Midwest,Medium,Reddish,2.9,77.1,9,False,2025-03-27T19:16:09.000
565,M,Midwest,Light,Brown,5.6,95.2,6,True,2025-04-18T00:59:47.000
566,F,West,Medium,Brown,2.4,53.8,0,True,2024-12-12T12:42:41.000
567,M,South,Medium,Brown,0.7,40.5,0,True,2025-02-19T03:17:19.000
568,M,West,Medium,Reddish,5.0,90.9,6,True,2025-01-05T15:57:33.000
569,F,South,Medium,Brown,5.2,83.6,0,True,2024-11-07T04:17:55.000
570,M,South,Medium,Brown,0.9,44.4,0,False,2024-10-29T15:45:01.000
571,M,Midwest,Light,Brown,2.9,74.8,8,False,2025-04-14T20:07:53.000
572,M,South,Medium,Grayish,5.7,106.1,9,False,2024-09-02T04:42:21.000
573,F,Midwest,Medium,Brown,4.1,73.9,0,False,2025-01-28T14:05:29.000
574,M,South,Medium,Reddish,5.2,102.6,6,True,2024-10-19T23:24:01.000
575,F,South,Dark,Reddish,3.4,49.9,0,False,2024-12-07T11:11:05.000
576,M,Midwest,Medium,Grayish,2.4,62.0,10,True,2025-04-07T19:20:07.000
577,M,Northeast,Dark,Brown,2.5,65.2,8,True,2025-04-05T12:46:12.000
578,F,South,Light,Brown,3.0,60.9,0,False,2025-07-05T14:04:01.000
579,F,South,Medium,Reddish,4.0,79.5,0,False,2025-02-14T22:22:08.000
580,F,South,Light,Grayish,0.3,27.7,0,True,2025-03-20T01:11:27.000
581,M,Northeast,Light,Grayish,0.3,44.9,0,True,2024-09-28T18:53:29.000
582,F,Northeast,Medium,Reddish,3.6,65.2,0,False,2024-12-29T23:02:34.000
583,F,South,Medium,Brown,4.9,86.0,0,False,2025-02-20T03:38:22.000
584,M,West,Medium,Grayish,2.3,61.3,6,True,2025-05-17T09:43:31.000
585,M,Northeast,Medium,Grayish,3.6,74.8,7,False,2025-04-16T19:38:28.000
586,F,West,Medium,Brown,1.5,44.2,0,True,2025-01-20T13:46:28.000
587,M,West,Dark,Grayish,0.9,47.3,0,True,2025-05-18T11:45:16.000
588,F,Northeast,Medium,Brown,3.9,64.5,0,False,2025-04-19T18:37:07.000
589,F,South,Dark,Brown,3.5,70.8,0,True,2024-10-05T16:57:39.000
590,F,Midwest,Dark,Reddish,2.6,52.7,0,False,2025-06-16T10:56:59.000
591,M,Northeast,Medium,Reddish,1.1,46.9,5,True,2024-10-02T14:43:00.000
592,F,Northeast,Dark,Brown,3.8,52.6,0,False,2025-01-16T14:53:06.000
593,M,Midwest,Dark,Brown,3.5,74.9,8,True,2025-03-06T15:06:42.000
594,M,Northeast,Dark,Brown,3.1,58.8,7,False,2025-07-27T06:22:32.000
595,F,South,Medium,Reddish,3.4,69.1,0,False,2024-12-19T00:30:59.000
596,F,Midwest,Light,Brown,2.9,53.2,0,False,2025-02-09T17:09:53.000
597,M,Midwest,Light,Grayish,4.6,85.6,11,True,2024-11-25T19:56:24.000
598,M,West,Light,Grayish,4.4,84.8,2,False,2025-03-31T04:00:20.000
599,M,West,Light,Brown,7.1,110.3,5,True,2024-11-22T05:31:44.000
600,M,Midwest,Medium,Reddish,6.4,110.0,6,False,2025-05-25T07:10:19.000
601,F,Midwest,Medium,Brown,3.5,57.7,0,False,2025-04-07T00:33:17.000
602,M,South,Medium,Grayish,1.2,46.2,8,False,2025-01-08T09:46:38.000
603,M,Midwest,Medium,Brown,4.8,95.8,6,True,2024-12-22T05:24:09.000
604,F,West,Medium,Brown,2.4,59.6,0,False,2024-10-19T23:42:51.000
605,F,Midwest,Medium,Grayish,6.6,110.9,0,False,2025-03-13T07:03:17.000
606,M,Northeast,Light,Brown,0.7,40.1,0,True,2024-12-07T13:22:28.000
607,M,Northeast,Medium,Grayish,2.8,60.9,6,False,2025-06-18T17:33:25.000
608,F,Northeast,Medium,Reddish,6.6,105.2,0,True,2024-12-30T04:48:44.000
609,M,Northeast,Medium,Brown,3.6,85.6,8,True,2025-07-24T11:34:13.000
610,M,West,Medium,Brown,5.0,87.8,6,True,2025-05-24T03:13:11.000
611,F,South,Medium,Brown,4.9,90.0,0,False,2025-03-01T21:40:50.000
612,F,South,Light,Brown,2.6,53.4,0,True,2025-03-05T05:41:06.000
613,M,West,Light,Brown,5.2,79.6,7,True,2025-05-22T13:06:55.000
614,F,South,Medium,Brown,1.9,46.3,0,True,2024-11-13T09:01:23.000
615,F,South,Medium,Reddish,2.9,69.1,0,True,2024-09-10T22:59:17.000
616,F,Northeast,Medium,Brown,7.7,119.8,0,False,2024-10-25T07:23:40.000
617,M,Midwest,Light,Brown,3.2,77.9,9,False,2025-06-26T08:34:33.000
618,F,South,Medium,Brown,4.3,77.1,0,True,2025-05-28T12:04:25.000
619,M,South,Light,Brown,1.5,41.0,9,False,2025-02-24T20:21:53.000
620,F,Midwest,Dark,Grayish,6.2,83.3,0,False,2025-02-20T20:50:03.000
621,F,Midwest,Dark,Brown,1.8,38.3,0,True,2025-01-30T05:35:42.000
622,F,Midwest,Dark,Reddish,2.1,45.9,0,False,2024-09-25T00:29:08.000
623,F,Midwest,Medium,Grayish,2.4,45.8,0,True,2025-06-03T10:22:33.000
624,M,South,Medium,Brown,1.7,48.6,4,False,2025-01-28T06:57:02.000
625,F,West,Dark,Brown,0.8,37.3,0,False,2025-07-06T12:39:53.000
626,M,West,Medium,Grayish,3.0,77.8,6,False,2024-10-02T12:21:00.000
627,F,South,Medium,Reddish,2.6,44.1,0,False,2024-10-18T16:30:36.000
628,M,Northeast,Light,Brown,3.4,67.4,8,True,2024-09-14T22:42:11.000
629,M,Midwest,Light,Brown,1.6,51.6,7,False,2025-07-14T14:23:50.000
630,F,South,Medium,Grayish,1.8,43.4,0,False,2025-05-06T13:11:45.000
631,M,West,Medium,Grayish,2.9,53.7,5,False,2025-03-05T23:55:33.000
632,F,Northeast,Medium,Brown,3.5,82.7,0,False,2024-11-05T07:42:18.000
633,F,South,Light,Brown,1.7,47.7,0,False,2024-10-07T04:44:36.000
634,F,West,Medium,Brown,3.5,67.2,0,False,2025-07-23T00:19:43.000
635,F,Northeast,Dark,Reddish,3.1,48.7,0,True,2025-07-04T02:18:51.000
636,M,West,Medium,Brown,5.6,102.0,8,True,2024-10-16T21:56:17.000
637,M,South,Dark,Grayish,4.8,83.6,7,False,2025-01-10T17:40:38.000
638,M,South,Light,Brown,4.5,90.1,8,False,2024-11-15T21:29:21.000
639,M,South,Medium,Brown,5.5,100.8,9,False,2024-12-04T21:26:20.000
640,M,South,Medium,Brown,2.3,60.9,6,False,2025-07-12T13:09:17.000
641,F,West,Medium,Brown,6.2,100.0,0,True,2025-06-03T18:32:07.000
642,M,South,Dark,Brown,3.9,76.3,9,True,2025-06-03T09:16:52.000
643,M,Midwest,Medium,Reddish,2.6,65.3,7,False,2025-06-30T20:31:44.000
644,F,Midwest,Dark,Reddish,4.3,60.2,0,False,2025-05-10T19:56:05.000
645,F,West,Light,Brown,1.4,44.2,0,False,2025-03-07T01:11:58.000
646,M,Midwest,Light,Brown,7.0,115.9,8,True,2025-07-07T03:04:41.000
647,M,Midwest,Light,Grayish,4.0,96.3,9,False,2025-07-15T21:36:32.000
648,F,Northeast,Light,Brown,0.6,30.9,0,False,2024-11-28T18:22:00.000
649,F,Midwest,Medium,Brown,1.3,24.5,0,False,2025-05-01T10:38:24.000
650,M,South,Medium,Grayish,2.5,72.3,4,False,2025-06-04T15:51:07.000
651,M,Northeast,Medium,Brown,2.4,57.4,4,False,2025-03-04T05:24:41.000
652,F,Midwest,Medium,Grayish,4.4,69.0,0,False,2024-11-26T02:05:46.000
653,M,South,Medium,Brown,5.2,95.2,5,True,2024-11-01T00:42:06.000
654,F,Midwest,Light,Reddish,5.5,96.8,0,False,2024-12-13T09:28:34.000
655,F,South,Dark,Grayish,4.6,90.0,0,True,2024-10-15T04:57:26.000
656,M,Midwest,Medium,Brown,1.7,51.1,9,False,2024-11-15T05:57:24.000
657,F,Midwest,Medium,Grayish,5.7,92.7,0,True,2025-05-23T16:14:16.000
658,M,South,Dark,Reddish,5.9,105.2,7,False,2025-06-06T18:20:51.000
659,M,South,Medium,Brown,0.3,32.7,0,True,2024-11-26T20:54:19.000
660,F,Midwest,Medium,Reddish,2.4,48.8,0,True,2025-06-01T06:55:09.000
661,M,Northeast,Medium,Reddish,2.8,65.8,6,True,2025-05-04T05:32:33.000
662,F,West,Medium,Grayish,2.0,46.7,0,False,2024-11-24T21:54:56.000
663,F,Northeast,Medium,Brown,5.5,95.4,0,False,2025-07-14T14:17:57.000
664,M,Midwest,Medium,Brown,4.4,74.2,5,True,2025-07-10T04:57:41.000
665,M,South,Medium,Brown,3.6,79.1,4,False,2025-05-13T17:38:40.000
666,M,West,Light,Grayish,1.1,48.5,8,True,2025-04-29T16:26:34.000
667,F,Midwest,Medium,Brown,0.3,34.9,0,False,2024-10-07T10:23:53.000
668,M,Northeast,Light,Brown,1.7,51.1,7,True,2024-12-01T05:40:06.000
669,F,South,Light,Brown,1.9,43.5,0,True,2025-06-25T19:26:40.000
670,F,West,Medium,Reddish,1.8,45.2,0,False,2025-06-21T06:30:24.000
671,F,Midwest,Dark,Reddish,0.3,23.2,0,False,2024-09-15T16:04:59.000
672,M,West,Medium,Brown,0.5,35.4,0,True,2024-09-27T05:08:56.000
673,M,Midwest,Dark,Brown,2.7,61.4,8,False,2025-06-28T02:02:37.000
674,M,West,Medium,Grayish,4.1,78.2,9,False,2025-06-04T10:52:25.000
675,M,Northeast,Medium,Brown,2.5,56.8,8,False,2025-03-09T19:26:11.000
676,M,South,Medium,Brown,3.0,65.3,10,True,2025-07-11T02:00:46.000
677,M,West,Dark,Brown,3.3,67.9,6,False,2024-09-20T10:28:33.000
678,F,Midwest,Medium,Brown,3.3,58.1,0,True,2024-10-03T16:47:20.000
679,M,South,Light,Brown,5.8,94.5,10,False,2025-06-11T18:45:24.000
680,M,South,Dark,Brown,1.9,61.5,8,False,2025-03-23T15:30:12.000
681,M,Midwest,Medium,Brown,3.9,81.6,6,False,2025-03-13T09:15:42.000
682,M,Northeast,Dark,Brown,0.9,43.4,0,False,2025-07-09T23:29:18.000
683,F,South,Medium,Brown,5.8,86.0,0,False,2025-02-02T06:36:33.000
684,M,Midwest,Dark,Brown,4.9,95.6,7,False,2024-12-15T10:45:09.000
685,F,Midwest,Dark,Brown,5.4,86.3,0,True,2025-02-12T17:54:33.000
686,F,Northeast,Medium,Grayish,3.7,66.7,0,False,2025-03-27T22:36:08.000
687,M,Northeast,Medium,Brown,3.2,71.9,11,False,2025-05-12T23:35:44.000
688,M,Northeast,Light,Grayish,1.0,44.2,5,True,2025-07-19T16:02:54.000
689,F,South,Medium,Brown,4.1,78.0,0,False,2025-07-13T13:04:23.000
690,F,Northeast,Medium,Brown,6.1,91.3,0,False,2025-04-20T12:55:39.000
691,M,Midwest,Dark,Brown,0.3,32.5,0,True,2025-02-04T13:26:59.000
692,F,South,Medium,Brown,6.9,106.6,0,False,2025-01-02T06:55:16.000
693,M,Midwest,Medium,Reddish,1.9,54.5,6,False,2024-11-26T14:58:36.000
694,F,Midwest,Medium,Reddish,4.4,79.0,0,False,2025-01-23T15:50:56.000
695,F,Midwest,Medium,Brown,1.9,51.2,0,True,2025-01-09T15:36:13.000
696,F,South,Medium,Brown,3.2,69.6,0,False,2025-05-06T09:27:25.000
697,F,Midwest,Dark,Brown,5.1,89.9,0,False,2025-04-10T05:02:18.000
698,F,Midwest,Medium,Brown,3.1,58.5,0,False,2025-07-06T23:51:25.000
699,M,West,Light,Brown,7.0,116.0,6,True,2025-07-18T21:29:20.000
700,M,Northeast,Light,Brown,3.6,73.9,7,False,2024-12-15T16:08:15.000
701,M,South,Medium,Brown,4.8,97.5,7,True,2024-12-19T13:46:58.000
702,F,South,Medium,Grayish,2.3,49.2,0,False,2025-02-20T22:31:26.000
703,M,Midwest,Medium,Grayish,2.5,57.8,11,False,2025-02-14T23:58:33.000
704,F,South,Light,Brown,2.7,49.1,0,False,2025-07-21T01:06:18.000
705,F,South,Medium,Reddish,4.5,81.5,0,True,2025-04-02T01:55:59.000
706,F,Midwest,Dark,Brown,6.7,98.1,0,False,2025-07-22T06:45:19.000
707,M,Midwest,Medium,Brown,3.6,60.3,7,False,2024-11-30T10:10:14.000
708,M,Northeast,Medium,Brown,1.0,49.2,8,True,2025-04-23T12:24:34.000
709,M,West,Medium,Brown,2.3,62.6,6,True,2025-04-25T19:30:06.000
710,M,West,Dark,Grayish,0.8,47.2,0,True,2025-05-16T20:26:23.000
711,M,Midwest,Light,Brown,4.4,91.7,5,False,2025-05-12T07:01:56.000
712,F,Midwest,Medium,Grayish,3.5,68.1,0,False,2025-07-25T04:50:32.000
713,M,South,Medium,Brown,1.4,52.1,7,False,2024-09-27T06:16:56.000
714,F,South,Medium,Brown,2.8,56.9,0,False,2025-01-25T16:58:01.000
715,F,South,Medium,Brown,5.3,81.9,0,True,2024-12-16T20:00:38.000
716,M,South,Light,Grayish,4.4,73.1,7,True,2025-04-30T15:02:04.000
717,F,South,Light,Brown,2.4,40.0,0,False,2025-07-31T21:28:37.000
718,M,South,Medium,Reddish,5.0,95.3,8,False,2025-01-17T13:44:47.000
719,M,Northeast,Medium,Brown,4.3,89.4,10,False,2024-09-18T11:54:05.000
720,F,Midwest,Medium,Brown,2.4,52.0,0,False,2025-05-02T12:59:08.000
721,M,South,Medium,Brown,3.9,75.2,6,False,2025-07-19T06:35:06.000
722,F,Midwest,Dark,Brown,7.2,113.3,0,False,2024-09-21T02:27:42.000
723,M,Northeast,Light,Brown,1.4,49.7,9,True,2025-04-19T21:57:20.000
724,F,Midwest,Dark,Grayish,5.5,89.1,0,True,2025-03-14T08:28:45.000
725,F,Midwest,Medium,Grayish,3.2,59.3,0,False,2025-04-01T16:10:24.000
726,M,Northeast,Light,Grayish,4.7,82.4,5,True,2025-04-09T21:29:03.000
727,M,South,Dark,Reddish,4.3,78.6,10,False,2024-09-22T08:47:36.000
728,F,South,Medium,Grayish,4.0,73.3,0,False,2025-05-10T06:15:14.000
729,F,Northeast,Light,Brown,3.2,71.2,0,False,2024-10-07T22:23:45.000
730,M,Northeast,Dark,Brown,3.5,85.6,4,False,2024-10-25T22:18:17.000
731,M,Northeast,Medium,Brown,4.8,89.6,6,False,2024-11-24T19:46:18.000
732,F,Midwest,Medium,Brown,4.4,78.6,0,True,2025-04-16T03:40:01.000
733,M,West,Medium,Brown,0.7,40.9,0,False,2024-11-02T21:47:49.000
734,F,Midwest,Medium,Brown,4.4,76.8,0,False,2024-10-29T07:14:01.000
735,M,West,Medium,Grayish,6.1,108.7,7,True,2025-03-16T10:45:50.000
736,M,Northeast,Dark,Brown,5.2,100.9,6,False,2025-06-18T08:09:50.000
737,F,Northeast,Medium,Grayish,3.9,63.0,0,False,2025-05-27T12:44:18.000
738,F,Midwest,Light,Grayish,0.3,37.3,0,False,2024-10-25T09:30:39.000
739,F,Northeast,Medium,Brown,4.7,78.7,0,True,2024-10-16T20:40:26.000
740,F,Northeast,Medium,Reddish,4.8,74.8,0,True,2024-12-23T12:18:36.000
741,F,South,Light,Brown,6.4,113.8,0,False,2024-09-23T19:49:02.000
742,F,Midwest,Medium,Brown,1.6,36.9,0,False,2024-10-22T03:54:26.000
743,F,South,Medium,Brown,3.0,58.9,0,True,2025-03-08T04:51:58.000
744,M,Northeast,Medium,Brown,2.5,58.7,5,False,2025-03-24T03:22:28.000
745,F,Midwest,Medium,Grayish,3.0,66.2,0,False,2025-03-18T17:56:49.000
746,F,West,Medium,Brown,0.3,15.0,0,True,2025-02-03T09:10:07.000
747,M,South,Medium,Reddish,2.6,66.3,8,False,2025-03-12T20:36:07.000
748,M,Northeast,Medium,Brown,2.7,55.9,5,True,2024-11-26T04:14:22.000
749,F,Midwest,Dark,Reddish,2.8,66.0,0,True,2025-02-10T20:23:43.000
750,F,Northeast,Medium,Grayish,6.6,114.9,0,False,2025-05-15T05:36:31.000
751,M,Northeast,Medium,Brown,2.3,65.9,9,True,2025-01-10T06:09:36.000
752,F,South,Medium,Brown,2.6,49.6,0,False,2024-10-03T15:28:55.000
753,M,Northeast,Dark,Brown,5.7,108.5,4,False,2024-10-12T07:31:11.000
754,M,Northeast,Dark,Brown,2.4,75.1,9,False,2025-06-23T13:12:05.000
755,F,Northeast,Medium,Brown,5.8,94.2,0,True,2025-07-04T06:09:34.000
756,F,Northeast,Dark,Reddish,4.4,73.7,0,True,2024-12-22T14:19:53.000
757,M,Midwest,Medium,Brown,2.3,69.5,9,False,2024-09-16T21:12:40.000
758,M,Northeast,Dark,Grayish,2.1,50.3,8,False,2025-03-12T14:06:46.000
759,F,Midwest,Medium,Brown,3.7,65.7,0,True,2025-06-03T02:23:10.000
760,F,Midwest,Dark,Brown,3.1,60.0,0,True,2025-05-05T04:00:31.000
761,F,Northeast,Medium,Grayish,3.7,68.2,0,False,2024-10-26T20:45:49.000
762,M,Northeast,Medium,Brown,2.3,67.3,9,True,2024-09-17T13:05:07.000
763,F,Northeast,Dark,Brown,4.6,77.4,0,False,2025-03-16T00:27:55.000
764,F,West,Medium,Brown,2.2,42.8,0,False,2025-06-15T15:07:37.000
765,F,Midwest,Medium,Brown,2.6,45.9,0,True,2024-12-08T22:14:52.000
766,F,Midwest,Medium,Brown,3.1,59.4,0,True,2025-07-07T10:40:36.000
767,F,South,Medium,Brown,1.0,37.9,0,False,2024-11-10T18:12:21.000
768,M,South,Medium,Brown,2.8,72.5,7,False,2024-11-17T00:34:03.000
769,M,South,Dark,Brown,3.1,74.0,7,False,2025-04-23T18:16:31.000
770,M,West,Medium,Brown,0.6,32.0,0,True,2025-06-11T22:24:34.000
771,F,Midwest,Light,Reddish,0.3,30.1,0,False,2025-07-05T00:10:48.000
772,F,Northeast,Dark,Brown,5.9,89.9,0,False,2024-09-03T19:46:41.000
773,M,South,Light,Brown,2.9,75.7,9,True,2025-05-15T07:41:47.000
774,F,Midwest,Light,Brown,3.2,59.6,0,False,2024-10-03T22:47:05.000
775,M,South,Medium,Brown,2.2,57.8,5,False,2024-11-24T02:58:37.000
776,F,Northeast,Medium,Grayish,6.5,97.7,0,False,2024-12-13T06:43:42.000
777,M,South,Dark,Brown,3.1,76.2,6,True,2024-09-26T16:53:30.000
778,M,Northeast,Light,Grayish,0.3,36.0,0,False,2025-02-02T05:03:40.000
779,M,Midwest,Light,Brown,4.4,102.4,7,False,2025-03-15T03:33:45.000
780,F,Midwest,Dark,Brown,1.6,49.3,0,False,2025-01-30T01:27:56.000
781,F,Northeast,Medium,Grayish,4.3,67.7,0,False,2025-01-22T08:05:30.000
782,F,South,Dark,Grayish,3.2,61.3,0,False,2025-06-30T11:32:53.000
783,F,South,Medium,Brown,6.0,101.4,0,False,2024-12-09T06:23:02.000
784,M,Midwest,Medium,Grayish,4.4,90.7,7,False,2025-07-27T19:17:23.000
785,F,South,Dark,Brown,2.7,59.2,0,True,2025-05-31T22:13:23.000
786,F,West,Light,Grayish,6.3,100.2,0,True,2024-10-23T15:27:20.000
787,F,South,Medium,Grayish,8.8,119.5,0,False,2025-02-22T00:26:05.000
788,M,Midwest,Medium,Grayish,2.4,52.9,6,True,2025-03-25T02:12:50.000
789,F,South,Medium,Brown,5.6,95.2,0,False,2025-04-17T20:43:16.000
790,M,Midwest,Light,Brown,4.2,79.7,2,True,2024-09-09T17:00:00.000
791,M,South,Medium,Brown,4.4,86.0,7,True,2024-12-19T11:18:17.000
792,F,South,Light,Brown,1.1,40.2,0,True,2025-04-26T08:59:18.000
793,M,Midwest,Medium,Brown,1.6,41.0,7,True,2025-05-21T13:46:29.000
794,M,South,Medium,Brown,6.3,97.4,9,False,2024-10-18T16:07:12.000
795,F,Midwest,Medium,Brown,3.8,71.9,0,True,2025-02-16T00:43:32.000
796,F,South,Light,Brown,2.4,48.4,0,True,2024-12-10T16:31:07.000
797,F,Midwest,Medium,Brown,7.0,105.0,0,True,2024-11-03T11:23:58.000
798,F,South,Medium,Brown,5.9,100.7,0,False,2024-12-04T14:19:17.000
799,F,Northeast,Light,Grayish,4.9,80.3,0,True,2024-10-26T05:09:03.000
800,M,Midwest,Medium,Brown,1.6,51.9,8,False,2024-12-13T01:05:31.000
801,M,Midwest,Dark,Brown,3.5,76.8,6,False,2025-07-25T09:43:19.000
802,M,Northeast,Dark,Brown,6.4,99.5,6,False,2024-12-21T05:32:12.000
803,M,South,Medium,Brown,0.3,47.1,0,True,2024-10-14T22:20:17.000
804,F,South,Medium,Brown,0.4,30.3,0,True,2024-11-02T12:00:40.000
805,F,Northeast,Light,Brown,1.9,42.6,0,True,2024-10-03T05:47:56.000
806,M,South,Light,Grayish,5.4,104.7,5,False,2024-09-18T10:38:28.000
807,F,South,Light,Brown,4.0,65.5,0,False,2025-05-15T02:50:34.000
808,F,West,Medium,Brown,4.4,71.7,0,False,2024-09-20T05:42:35.000
809,F,South,Medium,Reddish,3.9,62.5,0,True,2025-03-04T19:29:16.000
810,M,Midwest,Light,Grayish,3.7,76.1,6,True,2024-12-15T14:09:50.000
811,M,South,Medium,Brown,5.9,99.4,6,False,2025-04-14T15:10:51.000
812,F,Midwest,Medium,Brown,10.6,150.0,0,False,2025-03-20T20:49:55.000
813,F,Midwest,Dark,Reddish,4.4,71.8,0,False,2025-02-27T01:48:39.000
814,M,Midwest,Dark,Reddish,6.1,107.8,9,False,2024-12-23T02:40:52.000
815,M,Midwest,Dark,Grayish,2.6,66.9,8,False,2025-07-18T23:39:50.000
816,M,West,Medium,Brown,6.7,115.8,8,True,2024-12-22T14:21:54.000
817,F,Midwest,Dark,Brown,3.7,69.7,0,True,2024-10-31T01:57:10.000
818,F,Midwest,Medium,Grayish,3.9,70.3,0,True,2025-05-01T06:44:50.000
819,F,Midwest,Light,Brown,2.6,49.3,0,False,2025-03-11T22:47:01.000
820,F,Midwest,Light,Reddish,2.0,35.1,0,False,2025-07-06T06:50:02.000
821,M,Northeast,Medium,Brown,2.4,63.9,6,False,2025-06-06T14:12:30.000
822,F,West,Medium,Brown,1.6,33.8,0,False,2024-11-05T21:07:50.000
823,M,South,Medium,Brown,1.0,47.1,7,False,2025-04-22T07:56:11.000
824,F,Midwest,Medium,Reddish,7.2,109.1,0,False,2024-10-02T18:18:18.000
825,M,South,Medium,Reddish,4.4,85.5,8,False,2025-01-13T01:33:10.000
826,M,South,Medium,Reddish,5.5,99.0,5,True,2025-05-03T19:33:13.000
827,F,Midwest,Medium,Brown,4.5,80.5,0,False,2025-04-14T05:50:34.000
828,M,Midwest,Light,Brown,0.7,35.6,0,False,2025-01-19T01:06:07.000
829,F,Midwest,Medium,Grayish,3.6,68.1,0,False,2025-02-18T15:30:58.000
830,F,Midwest,Medium,Brown,1.8,51.1,0,False,2025-06-17T18:10:03.000
831,M,South,Medium,Reddish,1.9,60.5,8,False,2024-10-09T07:21:21.000
832,M,West,Medium,Brown,3.3,79.2,9,False,2024-10-29T09:47:12.000
833,M,West,Light,Grayish,3.9,78.1,6,True,2025-04-22T23:22:31.000
834,F,South,Medium,Grayish,3.7,66.9,0,False,2025-05-01T02:01:57.000
835,F,Midwest,Medium,Brown,3.8,79.8,0,False,2025-03-24T12:23:25.000
836,M,Northeast,Dark,Reddish,3.0,72.0,7,False,2025-01-25T18:55:19.000
837,M,West,Light,Brown,3.6,77.8,5,True,2025-03-09T21:06:07.000
838,F,West,Light,Brown,6.0,101.0,0,False,2024-11-18T03:52:44.000
839,M,Midwest,Light,Brown,7.9,122.6,10,False,2024-12-30T14:57:43.000
840,F,South,Dark,Grayish,5.8,91.8,0,True,2025-05-05T16:12:56.000
841,F,West,Medium,Grayish,3.1,62.9,0,True,2024-09-15T02:29:41.000
842,F,Midwest,Medium,Brown,4.3,74.2,0,False,2025-06-15T06:14:26.000
843,F,South,Light,Brown,5.4,96.9,0,False,2024-12-15T17:01:40.000
844,M,West,Medium,Brown,5.5,101.6,8,True,2025-04-04T07:36:47.000
845,F,Northeast,Light,Brown,6.0,100.3,0,False,2024-12-18T01:27:56.000
846,F,Northeast,Dark,Brown,6.0,90.1,0,False,2025-03-22T02:21:41.000
847,M,West,Medium,Brown,4.3,84.5,9,False,2024-11-06T23:39:32.000
848,M,West,Dark,Brown,3.0,68.9,7,True,2025-04-03T17:14:54.000
849,M,Northeast,Medium,Reddish,0.5,42.1,0,False,2025-06-28T19:08:49.000
850,M,South,Medium,Grayish,5.7,104.3,5,True,2024-12-16T12:09:39.000
851,M,South,Light,Brown,4.7,89.4,7,False,2025-06-04T23:22:47.000
852,F,South,Medium,Reddish,1.8,48.1,0,True,2024-09-23T18:19:05.000
853,M,South,Medium,Reddish,3.5,87.6,10,True,2024-10-17T11:20:04.000
854,F,South,Medium,Grayish,2.7,55.6,0,True,2025-06-17T08:36:59.000
855,M,South,Medium,Brown,2.6,60.3,10,False,2024-10-24T23:36:45.000
856,M,South,Dark,Reddish,7.0,124.3,8,False,2024-12-04T01:48:13.000
857,F,Northeast,Medium,Grayish,2.8,65.5,0,False,2025-03-15T21:08:24.000
858,F,Northeast,Medium,Grayish,8.3,123.8,0,False,2025-07-31T01:14:45.000
859,M,Midwest,Medium,Brown,3.2,77.2,7,False,2025-07-24T20:16:45.000
860,M,West,Medium,Brown,2.1,46.0,8,True,2024-11-23T01:39:27.000
861,F,Midwest,Medium,Brown,3.8,71.5,0,False,2025-07-01T12:20:06.000
862,F,South,Dark,Brown,8.3,121.6,0,False,2024-11-28T04:17:01.000
863,M,West,Medium,Brown,3.2,84.7,9,False,2025-02-18T19:01:01.000
864,M,Northeast,Light,Brown,4.5,88.4,5,True,2025-04-07T06:53:56.000
865,F,Northeast,Medium,Grayish,0.3,37.7,0,False,2025-02-16T12:48:16.000
866,M,Midwest,Medium,Brown,4.7,88.4,9,False,2024-10-25T06:59:16.000
867,F,West,Medium,Brown,0.8,31.0,0,False,2024-10-17T01:05:30.000
868,F,South,Dark,Brown,3.3,59.5,0,False,2025-05-18T06:34:44.000
869,M,Northeast,Dark,Grayish,6.2,100.5,5,False,2025-04-02T00:14:02.000
870,F,Northeast,Dark,Brown,3.0,55.7,0,True,2024-10-05T01:24:30.000
871,M,Northeast,Medium,Brown,4.9,98.5,8,True,2024-09-21T05:07:03.000
872,F,West,Medium,Brown,3.1,51.1,0,False,2024-12-19T12:24:34.000
873,F,Midwest,Dark,Brown,2.8,57.3,0,False,2024-09-17T09:15:03.000
874,F,West,Light,Reddish,4.1,79.0,0,False,2024-12-16T09:38:04.000
875,M,South,Medium,Brown,5.7,103.0,8,True,2025-04-26T15:58:32.000
876,M,West,Light,Reddish,3.7,80.6,8,False,2025-06-06T12:37:13.000
877,F,Midwest,Medium,Brown,3.5,67.2,0,True,2024-11-08T01:04:22.000
878,F,Midwest,Dark,Reddish,1.6,45.4,0,True,2024-09-18T06:11:44.000
879,M,Midwest,Light,Brown,0.3,25.3,0,False,2025-02-03T07:52:28.000
880,F,West,Light,Brown,3.8,77.7,0,True,2024-10-21T00:34:02.000
881,F,West,Light,Brown,3.1,62.5,0,False,2025-02-16T22:36:13.000
882,M,Midwest,Medium,Grayish,4.0,77.8,7,False,2025-06-03T13:24:00.000
883,F,Midwest,Medium,Brown,5.6,88.6,0,False,2025-05-06T15:48:10.000
884,M,South,Light,Brown,5.1,93.5,10,True,2025-03-26T01:05:11.000
885,M,Midwest,Medium,Brown,1.7,57.6,6,False,2024-10-05T03:57:13.000
886,F,Northeast,Medium,Brown,4.0,64.1,0,False,2025-06-14T14:50:14.000
887,M,Midwest,Medium,Reddish,4.0,73.6,6,False,2025-02-19T17:55:01.000
888,M,Midwest,Medium,Grayish,3.0,61.3,5,False,2025-03-24T14:25:48.000
889,M,Northeast,Medium,Grayish,0.3,42.1,0,False,2025-03-23T16:07:44.000
890,F,South,Light,Reddish,1.9,40.5,0,False,2024-12-09T01:26:47.000
891,M,South,Medium,Reddish,3.3,73.5,7,True,2024-10-06T00:58:21.000
892,M,West,Light,Brown,5.0,86.3,8,False,2024-12-02T19:10:29.000
893,M,South,Dark,Brown,2.9,67.6,7,True,2025-06-29T14:31:39.000
894,F,Midwest,Light,Brown,0.7,28.6,0,True,2025-04-27T23:25:28.000
895,M,Northeast,Medium,Reddish,6.2,103.2,3,True,2024-09-23T13:00:39.000
896,F,Northeast,Dark,Brown,3.4,70.7,0,True,2025-07-20T07:28:40.000
897,F,West,Medium,Grayish,2.6,55.0,0,True,2025-04-27T12:45:01.000
898,M,South,Medium,Brown,4.5,81.5,8,False,2025-02-22T12:14:52.000
899,M,Northeast,Medium,Brown,4.8,105.1,8,False,2025-03-01T01:51:35.000
900,F,Midwest,Medium,Brown,3.3,57.2,0,False,2025-03-01T10:09:44.000
901,F,South,Medium,Brown,2.3,43.8,0,True,2025-04-23T16:30:42.000
902,M,South,Medium,Reddish,2.3,50.8,5,True,2024-11-25T22:27:40.000
903,F,South,Dark,Reddish,5.0,92.8,0,True,2025-04-20T05:13:31.000
904,F,West,Medium,Brown,3.2,62.8,0,True,2025-02-14T01:54:53.000
905,F,Midwest,Light,Reddish,4.5,79.2,0,False,2025-06-28T18:14:46.000
906,M,South,Medium,Brown,0.3,43.4,0,False,2024-11-26T08:11:20.000
907,F,Northeast,Dark,Brown,2.5,54.0,0,False,2025-06-05T20:08:22.000
908,F,South,Light,Brown,2.7,59.9,0,False,2024-10-14T23:22:12.000
909,M,Midwest,Medium,Brown,2.5,73.3,7,True,2025-06-23T15:25:52.000
910,M,Northeast,Medium,Reddish,0.3,38.4,0,True,2024-12-15T06:13:10.000
911,F,Midwest,Medium,Brown,2.6,59.3,0,False,2024-12-24T07:22:52.000
912,F,South,Light,Reddish,6.6,103.7,0,True,2025-03-01T23:05:49.000
913,F,Northeast,Light,Brown,4.1,73.3,0,True,2024-11-17T17:46:11.000
914,F,Midwest,Medium,Grayish,2.4,60.6,0,False,2025-06-01T13:38:35.000
915,M,Midwest,Dark,Brown,2.0,60.8,7,True,2024-09-15T05:11:21.000
916,M,South,Medium,Reddish,0.7,43.4,0,False,2024-11-14T02:19:36.000
917,F,Northeast,Medium,Grayish,3.9,58.8,0,False,2025-06-23T17:16:05.000
918,M,Northeast,Medium,Brown,1.9,50.8,6,True,2024-11-15T15:33:14.000
919,M,Northeast,Light,Grayish,2.6,60.4,8,True,2025-06-19T01:06:02.000
920,F,South,Medium,Grayish,5.2,85.6,0,True,2025-01-15T01:46:20.000
921,M,Northeast,Medium,Reddish,5.3,99.1,7,False,2024-12-19T20:35:19.000
922,M,South,Medium,Grayish,4.7,90.7,5,False,2024-11-15T12:19:24.000
923,F,Midwest,Medium,Reddish,0.3,26.0,0,False,2025-07-15T01:28:07.000
924,M,Midwest,Medium,Brown,2.3,63.0,2,False,2025-06-03T21:54:18.000
925,M,Midwest,Light,Grayish,5.8,105.0,5,False,2025-05-06T16:58:22.000
926,F,Midwest,Light,Brown,1.1,41.9,0,False,2025-01-29T11:35:50.000
927,F,Northeast,Medium,Reddish,5.9,83.5,0,True,2024-09-17T22:28:02.000
928,M,Midwest,Medium,Brown,3.4,80.2,10,False,2025-06-17T14:43:23.000
929,M,Midwest,Light,Grayish,5.3,108.6,9,True,2025-04-01T14:47:12.000
930,M,Northeast,Light,Brown,2.6,71.3,6,False,2025-05-02T19:33:55.000
931,M,Midwest,Medium,Grayish,1.1,43.9,5,True,2024-12-27T12:02:56.000
932,M,Midwest,Dark,Brown,1.4,44.7,10,True,2025-01-14T05:17:12.000
933,M,Northeast,Light,Brown,6.3,108.5,8,False,2024-10-29T10:08:42.000
934,F,Northeast,Dark,Grayish,2.8,64.9,0,True,2024-10-06T21:49:52.000
935,M,Midwest,Light,Brown,1.0,46.9,9,False,2024-12-27T13:17:44.000
936,M,South,Medium,Grayish,5.1,82.5,11,False,2025-02-12T13:07:54.000
937,F,South,Medium,Grayish,0.3,15.0,0,False,2025-02-06T16:10:41.000
938,F,Midwest,Medium,Brown,3.1,61.7,0,False,2024-12-03T21:18:47.000
939,M,Northeast,Medium,Grayish,4.1,96.7,8,False,2025-05-04T15:51:14.000
940,M,South,Medium,Brown,4.0,71.7,7,False,2025-01-26T16:50:09.000
941,F,West,Medium,Brown,4.3,71.0,0,True,2025-05-28T16:24:34.000
942,F,Northeast,Dark,Brown,3.2,61.7,0,False,2024-12-09T09:11:46.000
943,M,Midwest,Medium,Brown,0.3,38.6,0,False,2025-07-05T19:27:01.000
944,F,Northeast,Medium,Brown,3.9,75.2,0,False,2025-05-05T22:03:37.000
945,M,South,Medium,Brown,3.3,63.2,6,False,2024-09-04T09:10:59.000
946,F,Northeast,Dark,Grayish,3.0,59.8,0,False,2024-11-15T06:22:49.000
947,M,West,Medium,Grayish,4.4,82.0,7,False,2025-02-16T04:21:14.000
948,M,Midwest,Light,Brown,4.9,96.8,5,False,2024-09-21T13:36:41.000
949,F,South,Dark,Grayish,3.8,71.0,0,True,2024-09-12T14:05:59.000
950,F,Midwest,Light,Brown,6.4,106.5,0,True,2024-11-14T06:20:45.000
951,M,Midwest,Dark,Grayish,7.8,119.3,9,False,2024-11-08T04:23:38.000
952,M,Northeast,Medium,Brown,4.0,74.4,7,False,2024-10-06T23:00:40.000
953,F,West,Dark,Brown,2.7,51.2,0,False,2025-06-22T14:05:52.000
954,F,Midwest,Medium,Grayish,0.8,29.8,0,False,2025-05-19T09:00:22.000
955,F,Northeast,Dark,Brown,4.6,73.9,0,True,2024-09-18T09:06:21.000
956,F,Midwest,Light,Brown,0.3,19.1,0,False,2024-10-23T06:05:01.000
957,M,Northeast,Medium,Brown,6.8,111.1,10,False,2024-11-02T09:53:50.000
958,M,Midwest,Medium,Grayish,5.4,88.0,6,False,2025-02-05T09:00:04.000
959,F,Midwest,Medium,Brown,2.4,57.7,0,False,2025-07-18T00:16:40.000
960,M,West,Medium,Grayish,4.8,87.6,8,True,2025-06-02T12:09:45.000
961,F,West,Medium,Brown,1.7,35.7,0,False,2025-05-31T20:36:13.000
962,F,Midwest,Medium,Reddish,1.2,38.3,0,True,2025-04-27T18:56:57.000
963,F,South,Medium,Reddish,4.9,72.1,0,False,2025-03-13T10:32:40.000
964,M,Northeast,Medium,Brown,1.4,51.9,5,False,2024-12-02T08:04:06.000
965,M,South,Medium,Brown,3.9,77.6,9,True,2025-02-28T23:15:55.000
966,M,West,Light,Brown,3.2,81.6,5,False,2024-12-20T19:33:51.000
967,F,Northeast,Medium,Brown,6.5,104.1,0,True,2025-05-21T03:42:04.000
968,M,Northeast,Medium,Reddish,4.0,76.2,10,False,2025-07-13T02:12:58.000
969,F,South,Light,Brown,6.6,107.4,0,True,2024-12-08T16:21:42.000
970,M,South,Medium,Brown,5.1,94.8,8,False,2025-05-20T22:54:42.000
971,F,West,Medium,Reddish,1.9,49.6,0,True,2025-04-23T06:45:40.000
972,F,Northeast,Medium,Brown,1.1,17.6,0,False,2025-03-16T19:12:05.000
973,F,Northeast,Medium,Brown,0.3,23.7,0,False,2025-03-26T23:06:37.000
974,M,Northeast,Light,Brown,3.5,72.2,3,False,2025-03-16T09:15:39.000
975,M,Midwest,Light,Brown,0.3,44.2,0,False,2025-05-08T17:22:30.000
976,M,Northeast,Medium,Reddish,1.8,48.0,4,False,2025-05-14T09:10:24.000
977,M,South,Medium,Brown,0.3,38.5,0,True,2025-03-12T17:15:46.000
978,F,Northeast,Medium,Brown,2.2,48.2,0,False,2025-07-22T21:20:17.000
979,F,Midwest,Dark,Grayish,4.8,72.2,0,True,2025-06-17T11:59:10.000
980,F,Midwest,Medium,Brown,1.6,38.6,0,False,2025-05-11T03:14:02.000
981,M,Northeast,Medium,Brown,2.3,63.7,7,True,2024-11-18T16:33:36.000
982,M,South,Medium,Brown,2.5,61.6,7,False,2025-03-03T14:07:19.000
983,F,West,Medium,Brown,3.9,68.6,0,False,2025-06-18T07:57:05.000
984,F,Midwest,Dark,Grayish,0.4,27.2,0,True,2025-02-15T11:48:07.000
985,M,Midwest,Medium,Grayish,3.6,76.5,11,False,2025-05-16T19:05:20.000
986,F,Midwest,Light,Brown,3.2,63.1,0,False,2025-03-19T06:37:17.000
987,F,West,Dark,Brown,1.3,37.9,0,True,2024-09-07T04:50:16.000
988,M,West,Medium,Brown,1.4,40.8,5,True,2025-04-17T02:25:08.000
989,F,West,Dark,Brown,5.8,91.1,0,True,2024-09-17T09:30:51.000
990,M,Midwest,Light,Grayish,4.8,90.9,7,False,2025-05-19T14:41:21.000
991,M,Midwest,Light,Grayish,4.2,93.0,7,False,2025-04-30T02:18:35.000
992,F,Northeast,Medium,Brown,1.7,37.2,0,False,2025-03-15T11:39:51.000
993,F,Northeast,Dark,Grayish,2.7,64.5,0,False,2024-12-18T06:21:25.000
994,M,West,Light,Brown,0.8,39.1,0,False,2024-09-13T06:02:37.000
995,F,South,Medium,Brown,0.3,35.9,0,True,2025-04-13T12:29:16.000
996,M,Midwest,Medium,Brown,2.4,49.2,7,False,2025-01-16T04:14:50.000
997,F,Northeast,Medium,Grayish,2.2,47.5,0,False,2025-01-29T09:24:20.000
998,F,West,Medium,Reddish,0.9,19.5,0,False,2024-10-17T15:26:26.000
999,F,Northeast,Dark,Reddish,0.9,24.8,0,False,2025-04-24T04:56:41.000
1000,M,South,Medium,Brown,4.1,79.3,10,False,2025-03-16T03:48:45.000
